track_name,track_popularity,utility,prob
Cruel Summer,88,113.69544594672631,0.0025137724841306813
Blank Space,84,110.05269931732319,0.0024339346477800857
Style,83,109.13394729401578,0.0024137984206015254
...Baby One More Time,82,108.21186837886499,0.0023935892781550175
Shake It Off,81,107.28640972925481,0.0023733060622924507
High Hopes,80,106.35751699921016,0.0023529475819166925
Paparazzi,80,106.35751699921016,0.0023529475819166925
House of Memories,78,104.48920402091679,0.002311999890246706
The Man,77,103.54966698752378,0.002291408119380214
Unconditionally,77,103.54966698752378,0.002291408119380214
Lover,86,101.70947899350962,0.002251076841125897
Wildest Dreams,75,101.6595266759297,0.0022499820394935
Part Of Me,74,100.70879573348272,0.0022291449324644648
You Belong With Me,74,100.70879573348272,0.0022291449324644648
Always Remember Us This Way,84,100.0479084702938,0.0022146603101361436
Wildest Dreams (Taylor's Version),73,99.75420251757095,0.0022082231762439834
Bad Blood,73,99.75420251757095,0.0022082231762439834
You Belong With Me (Taylor’s Version),83,99.21267935819616,0.002196354649064725
Rain On Me (with Ariana Grande),72,98.79567810216703,0.002187215260184884
Oops!...I Did It Again,82,98.37442579896816,0.0021779827013860818
Say It Right,82,98.37442579896816,0.0021779827013860818
...Ready For It?,80,96.68865181746378,0.002141035704805786
We Are Never Ever Getting Back Together,69,95.89579467670748,0.002123658707420856
Last Friday Night (T.G.I.F.),79,95.8410311611462,0.0021224584590812997
Womanizer,79,95.8410311611462,0.0021224584590812997
the 1,78,94.99018547356071,0.002103810530560344
You Need To Calm Down,77,94.13606089774888,0.0020850907388635332
Hot N Cold,77,94.13606089774888,0.0020850907388635332
Wide Awake,76,93.27860196477218,0.0020662978682818183
Million Reasons,75,92.41775152357245,0.0020474306662392476
The One That Got Away,74,91.55345066680246,0.0020284878416673975
I Knew You Were Trouble.,64,90.97690971576516,0.0020158518318700662
Harleys In Hawaii,73,90.68563865233722,0.0020094680632851414
Teenage Dream,63,89.97950165989525,0.0019939917056409863
Firework,71,88.9392285042241,0.001971192107861659
Never Really Over,67,85.40137747514238,0.0018936532614283854
Bad Romance,85,73.97878389800294,0.001643305035353586
Poker Face,84,73.36846621154879,0.001629928743085632
Toxic,52,71.51791657536273,0.001589370369406844
august,88,68.90633087680382,0.0015321324188082137
cardigan,87,68.35727341179694,0.0015200987627519659
Promiscuous,86,67.80631932900641,0.0015080235386495061
Just Dance,83,66.14178623879744,0.0014715420772753915
Enchanted,71,65.22210090309768,0.00145138539475101
my tears ricochet,81,65.02206650257867,0.0014470012540577708
All Too Well (10 Minute Version) (Taylor's Version) (From The Vault),81,65.02206650257867,0.0014470012540577708
Love Story (Taylor’s Version),78,63.32679031570714,0.001409845998272471
champagne problems,75,61.6118343490483,0.0013722594220584067
California Gurls,67,56.93425165009492,0.0012697411521844985
Bloody Mary,48,45.08064497012698,0.0010099464405125872
"All The Stars (with SZA) - From ""Black Panther: The Album""",90,38.4993769152646,0.0008657052249137955
Feel Good Inc.,90,38.4993769152646,0.0008657052249137955
Blinding Lights,89,38.19943583266195,0.0008591314360934695
One Dance,88,37.8984819822421,0.0008525354505080436
There's Nothing Holdin' Me Back,87,37.59650037648832,0.0008459169396771076
Numb,87,37.59650037648832,0.0008459169396771076
Hips Don't Lie (feat. Wyclef Jean),86,37.29347563095353,0.0008392755664207546
Lovers Rock,86,37.29347563095353,0.0008392755664207546
Treat You Better,86,37.29347563095353,0.0008392755664207546
Outside (feat. Ellie Goulding),85,36.98939194900147,0.0008326109845251554
Swim,85,36.98939194900147,0.0008326109845251554
Highway to Hell,85,36.98939194900147,0.0008326109845251554
Payphone,85,36.98939194900147,0.0008326109845251554
Thunder,85,36.98939194900147,0.0008326109845251554
One Last Time,85,36.98939194900147,0.0008326109845251554
Safe and Sound,84,36.684233105774396,0.0008259228383911784
God's Plan,84,36.684233105774396,0.0008259228383911784
Me Rehúso,84,36.684233105774396,0.0008259228383911784
The Way I Are,84,36.684233105774396,0.0008259228383911784
What I've Done,84,36.684233105774396,0.0008259228383911784
Smack That,84,36.684233105774396,0.0008259228383911784
Don't,84,36.684233105774396,0.0008259228383911784
HUMBLE.,84,36.684233105774396,0.0008259228383911784
Rude,84,36.684233105774396,0.0008259228383911784
20 Min,83,36.377982431338594,0.0008192107626649916
Shut Up and Dance,83,36.377982431338594,0.0008192107626649916
Demons,83,36.377982431338594,0.0008192107626649916
Dile,83,36.377982431338594,0.0008192107626649916
HIGHEST IN THE ROOM,83,36.377982431338594,0.0008192107626649916
Falling Down - Bonus Track,83,36.377982431338594,0.0008192107626649916
Seven Nation Army,83,36.377982431338594,0.0008192107626649916
Borro Cassette,83,36.377982431338594,0.0008192107626649916
Faint,83,36.377982431338594,0.0008192107626649916
One Step Closer,83,36.377982431338594,0.0008192107626649916
Sweet Dreams (Are Made of This) - 2005 Remaster,83,36.377982431338594,0.0008192107626649916
Come As You Are,83,36.377982431338594,0.0008192107626649916
Baby,83,36.377982431338594,0.0008192107626649916
Somewhere I Belong,82,36.07062279295499,0.000812474381849489
Shameless,82,36.07062279295499,0.000812474381849489
Stereo Hearts (feat. Adam Levine),82,36.07062279295499,0.000812474381849489
Me Porto Bonito,82,36.07062279295499,0.000812474381849489
Tek It,82,36.07062279295499,0.000812474381849489
Supermassive Black Hole,82,36.07062279295499,0.000812474381849489
24K Magic,82,36.07062279295499,0.000812474381849489
Fortunate Son,82,36.07062279295499,0.000812474381849489
Reminder,82,36.07062279295499,0.000812474381849489
Ain't No Sunshine,82,36.07062279295499,0.000812474381849489
I WANNA BE YOUR SLAVE,82,36.07062279295499,0.000812474381849489
Feel It Still,82,36.07062279295499,0.000812474381849489
The Spins,82,36.07062279295499,0.000812474381849489
good 4 u,82,36.07062279295499,0.000812474381849489
Whatever It Takes,82,36.07062279295499,0.000812474381849489
Steal My Girl,82,36.07062279295499,0.000812474381849489
Happier,82,36.07062279295499,0.000812474381849489
Don't Stop Me Now - Remastered 2011,82,36.07062279295499,0.000812474381849489
Pain,82,36.07062279295499,0.000812474381849489
New Rules,81,35.76213657641827,0.0008057133098953002
Needed Me,81,35.76213657641827,0.0008057133098953002
Crawling,81,35.76213657641827,0.0008057133098953002
You Shook Me All Night Long,81,35.76213657641827,0.0008057133098953002
BUTTERFLY EFFECT,81,35.76213657641827,0.0008057133098953002
Pump It,81,35.76213657641827,0.0008057133098953002
Bleed It Out,81,35.76213657641827,0.0008057133098953002
Call Me Maybe,81,35.76213657641827,0.0008057133098953002
Cold Heart - PNAU Remix,81,35.76213657641827,0.0008057133098953002
Side To Side,81,35.76213657641827,0.0008057133098953002
Efecto,81,35.76213657641827,0.0008057133098953002
Bones,81,35.76213657641827,0.0008057133098953002
rockstar (feat. 21 Savage),81,35.76213657641827,0.0008057133098953002
Se Preparó,81,35.76213657641827,0.0008057133098953002
Mercy,81,35.76213657641827,0.0008057133098953002
Break Free,80,35.45250566640339,0.0007989271497700474
"Dear Maria, Count Me In",80,35.45250566640339,0.0007989271497700474
Candy Shop,80,35.45250566640339,0.0007989271497700474
Galway Girl,80,35.45250566640339,0.0007989271497700474
Youngblood,80,35.45250566640339,0.0007989271497700474
You Right,80,35.45250566640339,0.0007989271497700474
Praise The Lord (Da Shine) (feat. Skepta),80,35.45250566640339,0.0007989271497700474
Electric Love,80,35.45250566640339,0.0007989271497700474
STAY (with Justin Bieber),80,35.45250566640339,0.0007989271497700474
All The Things She Said,80,35.45250566640339,0.0007989271497700474
Despacito,80,35.45250566640339,0.0007989271497700474
You Make My Dreams (Come True),80,35.45250566640339,0.0007989271497700474
Stuck with U (with Justin Bieber),80,35.45250566640339,0.0007989271497700474
Better Now,80,35.45250566640339,0.0007989271497700474
Papercut,80,35.45250566640339,0.0007989271497700474
Dile Que Tu Me Quieres,80,35.45250566640339,0.0007989271497700474
Down,80,35.45250566640339,0.0007989271497700474
Teeth,80,35.45250566640339,0.0007989271497700474
We Can't Stop,80,35.45250566640339,0.0007989271497700474
"jealousy, jealousy",80,35.45250566640339,0.0007989271497700474
Señorita,80,35.45250566640339,0.0007989271497700474
Murder On The Dancefloor,80,35.45250566640339,0.0007989271497700474
Die Young,80,35.45250566640339,0.0007989271497700474
I Took A Pill In Ibiza - Seeb Remix,80,35.45250566640339,0.0007989271497700474
Sparks,91,35.27119985015228,0.0007949534822164413
I Wanna Be Yours,91,35.27119985015228,0.0007949534822164413
Sucker,79,35.14171142575361,0.0007921154930044023
Silence,79,35.14171142575361,0.0007921154930044023
Eenie Meenie,79,35.14171142575361,0.0007921154930044023
Work,79,35.14171142575361,0.0007921154930044023
Bad Moon Rising,79,35.14171142575361,0.0007921154930044023
In the Name of Love,79,35.14171142575361,0.0007921154930044023
T.N.T.,79,35.14171142575361,0.0007921154930044023
Super Bass,79,35.14171142575361,0.0007921154930044023
2002,79,35.14171142575361,0.0007921154930044023
Down Under,79,35.14171142575361,0.0007921154930044023
Classic,79,35.14171142575361,0.0007921154930044023
Otra Vez (feat. J Balvin),79,35.14171142575361,0.0007921154930044023
Drip Too Hard (Lil Baby & Gunna),79,35.14171142575361,0.0007921154930044023
Paris,79,35.14171142575361,0.0007921154930044023
Con Calma,79,35.14171142575361,0.0007921154930044023
Wake Me Up Before You Go-Go,79,35.14171142575361,0.0007921154930044023
Should I Stay or Should I Go - Remastered,79,35.14171142575361,0.0007921154930044023
Always Forever,79,35.14171142575361,0.0007921154930044023
Prom Queen,79,35.14171142575361,0.0007921154930044023
SAD!,79,35.14171142575361,0.0007921154930044023
Take What You Want (feat. Ozzy Osbourne & Travis Scott),79,35.14171142575361,0.0007921154930044023
Please Me,79,35.14171142575361,0.0007921154930044023
Took Her To The O,79,35.14171142575361,0.0007921154930044023
Starboy,90,34.99943355933145,0.0007889971984395164
The Night We Met,90,34.99943355933145,0.0007889971984395164
NO,78,34.82973467363893,0.0007852779192133853
Mambo No. 5 (a Little Bit of...),78,34.82973467363893,0.0007852779192133853
Ahora Te Puedes Marchar,78,34.82973467363893,0.0007852779192133853
Save That Shit,78,34.82973467363893,0.0007852779192133853
IDGAF,78,34.82973467363893,0.0007852779192133853
Trap Queen,78,34.82973467363893,0.0007852779192133853
Jealous,78,34.82973467363893,0.0007852779192133853
Rasputin,78,34.82973467363893,0.0007852779192133853
Shower,78,34.82973467363893,0.0007852779192133853
Tainted Love,78,34.82973467363893,0.0007852779192133853
Un Coco,78,34.82973467363893,0.0007852779192133853
Paper Planes,78,34.82973467363893,0.0007852779192133853
Can You Feel My Heart,78,34.82973467363893,0.0007852779192133853
DNA.,78,34.82973467363893,0.0007852779192133853
Never Be the Same,78,34.82973467363893,0.0007852779192133853
Yonaguni,78,34.82973467363893,0.0007852779192133853
In My Mind,78,34.82973467363893,0.0007852779192133853
Sk8er Boi,78,34.82973467363893,0.0007852779192133853
Broken Clocks,78,34.82973467363893,0.0007852779192133853
Pure Cocaine,78,34.82973467363893,0.0007852779192133853
NEW MAGIC WAND,78,34.82973467363893,0.0007852779192133853
"Feels (feat. Pharrell Williams, Katy Perry & Big Sean)",78,34.82973467363893,0.0007852779192133853
See You Again (feat. Kali Uchis),89,34.7267598478745,0.0007830210267846745
Fluorescent Adolescent,77,34.516555662507926,0.0007784139955912213
MIDDLE CHILD,77,34.516555662507926,0.0007784139955912213
ball w/o you,77,34.516555662507926,0.0007784139955912213
Una Vez,77,34.516555662507926,0.0007784139955912213
Best Song Ever,77,34.516555662507926,0.0007784139955912213
Get Busy,77,34.516555662507926,0.0007784139955912213
Mr. Saxobeat - Radio Edit,77,34.516555662507926,0.0007784139955912213
Baby Shark,77,34.516555662507926,0.0007784139955912213
Wants and Needs (feat. Lil Baby),77,34.516555662507926,0.0007784139955912213
Pray For Me,77,34.516555662507926,0.0007784139955912213
Where Them Girls At (feat. Nicki Minaj & Flo Rida),77,34.516555662507926,0.0007784139955912213
Glock In My Lap,77,34.516555662507926,0.0007784139955912213
My House,77,34.516555662507926,0.0007784139955912213
Thunder,77,34.516555662507926,0.0007784139955912213
Wow.,77,34.516555662507926,0.0007784139955912213
Look At Me!,77,34.516555662507926,0.0007784139955912213
ZEZE (feat. Travis Scott & Offset),77,34.516555662507926,0.0007784139955912213
CAN'T SAY,77,34.516555662507926,0.0007784139955912213
Runnin,77,34.516555662507926,0.0007784139955912213
Crew (feat. Brent Faiyaz & Shy Glizzy),77,34.516555662507926,0.0007784139955912213
Glad You Came,77,34.516555662507926,0.0007784139955912213
Nena Maldición (feat. Lenny Tavárez),77,34.516555662507926,0.0007784139955912213
Nice For What,77,34.516555662507926,0.0007784139955912213
Stay,77,34.516555662507926,0.0007784139955912213
Goodbyes (feat. Young Thug),77,34.516555662507926,0.0007784139955912213
We Will Rock You - Remastered 2011,77,34.516555662507926,0.0007784139955912213
Cool for the Summer,77,34.516555662507926,0.0007784139955912213
CÓMO SE SIENTE - Remix,77,34.516555662507926,0.0007784139955912213
Locked out of Heaven,88,34.45316543840191,0.0007770246762524691
Mr. Brightside,88,34.45316543840191,0.0007770246762524691
Ain't Shit,76,34.2021540537498,0.0007715232763779258
Before He Cheats,76,34.2021540537498,0.0007715232763779258
brutal,76,34.2021540537498,0.0007715232763779258
Ride It,76,34.2021540537498,0.0007715232763779258
So What,76,34.2021540537498,0.0007715232763779258
Head & Heart (feat. MNEK),76,34.2021540537498,0.0007715232763779258
I Like You (A Happier Song) (with Doja Cat),76,34.2021540537498,0.0007715232763779258
OUT WEST (feat. Young Thug),76,34.2021540537498,0.0007715232763779258
Raise Your Glass,76,34.2021540537498,0.0007715232763779258
Vaina Loca,76,34.2021540537498,0.0007715232763779258
Party,76,34.2021540537498,0.0007715232763779258
Glorious (feat. Skylar Grey),76,34.2021540537498,0.0007715232763779258
Besos En Guerra,76,34.2021540537498,0.0007715232763779258
How Long,76,34.2021540537498,0.0007715232763779258
Escápate Conmigo (feat. Ozuna),76,34.2021540537498,0.0007715232763779258
Robarte un Beso,76,34.2021540537498,0.0007715232763779258
Go Crazy,76,34.2021540537498,0.0007715232763779258
Shoota (feat. Lil Uzi Vert),76,34.2021540537498,0.0007715232763779258
Wake Up in the Sky,76,34.2021540537498,0.0007715232763779258
Stuck In The Middle With You,76,34.2021540537498,0.0007715232763779258
Alone,76,34.2021540537498,0.0007715232763779258
Yes Indeed,76,34.2021540537498,0.0007715232763779258
"Take Me Home, Country Roads - Original Version",76,34.2021540537498,0.0007715232763779258
I Fall Apart,76,34.2021540537498,0.0007715232763779258
34+35,76,34.2021540537498,0.0007715232763779258
Mood Swings (feat. Lil Tjay),76,34.2021540537498,0.0007715232763779258
Let Me Love You,87,34.17863670589847,0.0007710078482243453
As It Was,87,34.17863670589847,0.0007710078482243453
we fell in love in october,87,34.17863670589847,0.0007710078482243453
Attention,87,34.17863670589847,0.0007710078482243453
Believer,87,34.17863670589847,0.0007710078482243453
Circles,86,33.90315966450321,0.0007649702361731155
Dark Red,86,33.90315966450321,0.0007649702361731155
Best Part (feat. H.E.R.),86,33.90315966450321,0.0007649702361731155
No Surprises,86,33.90315966450321,0.0007649702361731155
Save Your Tears,86,33.90315966450321,0.0007649702361731155
traitor,86,33.90315966450321,0.0007649702361731155
Pink + White,86,33.90315966450321,0.0007649702361731155
you should see me in a crown,75,33.88650889197657,0.0007646053022956499
I Don't Care (with Justin Bieber),75,33.88650889197657,0.0007646053022956499
LA NOCHE DE ANOCHE,75,33.88650889197657,0.0007646053022956499
My Oh My (feat. DaBaby),75,33.88650889197657,0.0007646053022956499
Shotgun,75,33.88650889197657,0.0007646053022956499
LOYALTY. FEAT. RIHANNA.,75,33.88650889197657,0.0007646053022956499
F.N,75,33.88650889197657,0.0007646053022956499
South of the Border (feat. Camila Cabello & Cardi B),75,33.88650889197657,0.0007646053022956499
Be the One,75,33.88650889197657,0.0007646053022956499
Me And My Broken Heart,75,33.88650889197657,0.0007646053022956499
I Know What You Did Last Summer,75,33.88650889197657,0.0007646053022956499
Wild Thoughts (feat. Rihanna & Bryson Tiller),75,33.88650889197657,0.0007646053022956499
La Corriente,75,33.88650889197657,0.0007646053022956499
Physical,75,33.88650889197657,0.0007646053022956499
Mayores,75,33.88650889197657,0.0007646053022956499
when the party's over,85,33.626719953637696,0.0007589115253589343
This Love,85,33.626719953637696,0.0007589115253589343
Sunsetz,85,33.626719953637696,0.0007589115253589343
Cigarettes out the Window,85,33.626719953637696,0.0007589115253589343
Love On The Brain,85,33.626719953637696,0.0007589115253589343
deja vu,85,33.626719953637696,0.0007589115253589343
Why'd You Only Call Me When You're High?,85,33.626719953637696,0.0007589115253589343
Sure Thing,85,33.626719953637696,0.0007589115253589343
Call Out My Name,85,33.626719953637696,0.0007589115253589343
Chop Suey!,85,33.626719953637696,0.0007589115253589343
THATS WHAT I WANT,74,33.56959857782758,0.0007576595999526383
My Universe,74,33.56959857782758,0.0007576595999526383
Volví,74,33.56959857782758,0.0007576595999526383
First Class,74,33.56959857782758,0.0007576595999526383
Light It Up (feat. Nyla & Fuse ODG) [Remix],74,33.56959857782758,0.0007576595999526383
Pop Out (feat. Lil Tjay),74,33.56959857782758,0.0007576595999526383
Fight Song,74,33.56959857782758,0.0007576595999526383
Finesse,74,33.56959857782758,0.0007576595999526383
In My Feelings,74,33.56959857782758,0.0007576595999526383
Armed And Dangerous,74,33.56959857782758,0.0007576595999526383
Here With Me,74,33.56959857782758,0.0007576595999526383
Cradles,74,33.56959857782758,0.0007576595999526383
Going Bad (feat. Drake),74,33.56959857782758,0.0007576595999526383
hot girl bummer,74,33.56959857782758,0.0007576595999526383
you broke me first,84,33.349302823431266,0.0007528313925098644
Time of Our Lives,84,33.349302823431266,0.0007528313925098644
What Makes You Beautiful,84,33.349302823431266,0.0007528313925098644
Beggin',84,33.349302823431266,0.0007528313925098644
Ghost,84,33.349302823431266,0.0007528313925098644
Kiss Me,84,33.349302823431266,0.0007528313925098644
Dancing Queen,84,33.349302823431266,0.0007528313925098644
Heartless,84,33.349302823431266,0.0007528313925098644
Break Stuff,84,33.349302823431266,0.0007528313925098644
I Want It That Way,84,33.349302823431266,0.0007528313925098644
Toxicity,84,33.349302823431266,0.0007528313925098644
SLOW DANCING IN THE DARK,84,33.349302823431266,0.0007528313925098644
Walking On A Dream,84,33.349302823431266,0.0007528313925098644
Duvet,84,33.349302823431266,0.0007528313925098644
Kiss Me More (feat. SZA),84,33.349302823431266,0.0007528313925098644
Higher Love,73,33.25140083919032,0.0007506856812124777
all the good girls go to hell,73,33.25140083919032,0.0007506856812124777
Bank Account,73,33.25140083919032,0.0007506856812124777
Old Town Road,73,33.25140083919032,0.0007506856812124777
Bitch Better Have My Money,73,33.25140083919032,0.0007506856812124777
Me Niego (feat. Ozuna & Wisin),73,33.25140083919032,0.0007506856812124777
On My Way,73,33.25140083919032,0.0007506856812124777
Stir Fry,73,33.25140083919032,0.0007506856812124777
Don't Start Now,73,33.25140083919032,0.0007506856812124777
Hooked On A Feeling,73,33.25140083919032,0.0007506856812124777
The Motto,73,33.25140083919032,0.0007506856812124777
Red Red Wine,73,33.25140083919032,0.0007506856812124777
Beauty And A Beat,83,33.07089311939872,0.0007467295054860582
Thinkin Bout You,83,33.07089311939872,0.0007467295054860582
I'm Still Standing,83,33.07089311939872,0.0007467295054860582
Sex on Fire,83,33.07089311939872,0.0007467295054860582
Way down We Go,83,33.07089311939872,0.0007467295054860582
Not Allowed,83,33.07089311939872,0.0007467295054860582
Temperature,83,33.07089311939872,0.0007467295054860582
For the First Time,83,33.07089311939872,0.0007467295054860582
We Found Love,83,33.07089311939872,0.0007467295054860582
You Should Probably Leave,83,33.07089311939872,0.0007467295054860582
Landslide,83,33.07089311939872,0.0007467295054860582
Can't Feel My Face,83,33.07089311939872,0.0007467295054860582
Gasolina,83,33.07089311939872,0.0007467295054860582
LOVE. FEAT. ZACARI.,83,33.07089311939872,0.0007467295054860582
Moonlight,83,33.07089311939872,0.0007467295054860582
Heart To Heart,83,33.07089311939872,0.0007467295054860582
Summer Of '69,83,33.07089311939872,0.0007467295054860582
Without Me,83,33.07089311939872,0.0007467295054860582
Washing Machine Heart,83,33.07089311939872,0.0007467295054860582
Lonely Day,83,33.07089311939872,0.0007467295054860582
Here Comes The Sun - Remastered 2009,83,33.07089311939872,0.0007467295054860582
Watermelon Sugar,83,33.07089311939872,0.0007467295054860582
Notion,83,33.07089311939872,0.0007467295054860582
The Reason,83,33.07089311939872,0.0007467295054860582
happier,83,33.07089311939872,0.0007467295054860582
Memories,83,33.07089311939872,0.0007467295054860582
Streets,83,33.07089311939872,0.0007467295054860582
Before You Go,83,33.07089311939872,0.0007467295054860582
Save Your Tears (Remix) (with Ariana Grande) - Bonus Track,83,33.07089311939872,0.0007467295054860582
She Looks So Perfect,72,32.93189270072234,0.000743683042526111
Send My Love (To Your New Lover),72,32.93189270072234,0.000743683042526111
The London (feat. J. Cole & Travis Scott),72,32.93189270072234,0.000743683042526111
Blood // Water,72,32.93189270072234,0.000743683042526111
Don't Call Me Up,72,32.93189270072234,0.000743683042526111
Criminal,72,32.93189270072234,0.000743683042526111
Slow Hands,72,32.93189270072234,0.000743683042526111
Therefore I Am,72,32.93189270072234,0.000743683042526111
Roll in Peace (feat. XXXTENTACION),72,32.93189270072234,0.000743683042526111
RITMO (Bad Boys For Life),72,32.93189270072234,0.000743683042526111
Break from Toronto,82,32.79147526632272,0.0007406055229265103
Angels Like You,82,32.79147526632272,0.0007406055229265103
Feel So Close - Radio Edit,82,32.79147526632272,0.0007406055229265103
Fuck Love,82,32.79147526632272,0.0007406055229265103
Star Shopping,82,32.79147526632272,0.0007406055229265103
Too Good At Goodbyes,82,32.79147526632272,0.0007406055229265103
Stay With Me,82,32.79147526632272,0.0007406055229265103
Just Can’t Get Enough,82,32.79147526632272,0.0007406055229265103
"You're Gonna Go Far, Kid",82,32.79147526632272,0.0007406055229265103
My Kind of Woman,82,32.79147526632272,0.0007406055229265103
Sunflower - Spider-Man: Into the Spider-Verse,82,32.79147526632272,0.0007406055229265103
Chamber Of Reflection,82,32.79147526632272,0.0007406055229265103
Shivers,82,32.79147526632272,0.0007406055229265103
Ho Hey,82,32.79147526632272,0.0007406055229265103
Blue Hair,82,32.79147526632272,0.0007406055229265103
I Like Me Better,82,32.79147526632272,0.0007406055229265103
Lush Life,82,32.79147526632272,0.0007406055229265103
Bad Habits,82,32.79147526632272,0.0007406055229265103
The Kids Aren't Alright,82,32.79147526632272,0.0007406055229265103
No Scrubs,82,32.79147526632272,0.0007406055229265103
Last Resort,82,32.79147526632272,0.0007406055229265103
Kings & Queens,82,32.79147526632272,0.0007406055229265103
favorite crime,82,32.79147526632272,0.0007406055229265103
El Efecto,82,32.79147526632272,0.0007406055229265103
All The Small Things,82,32.79147526632272,0.0007406055229265103
All Falls Down,82,32.79147526632272,0.0007406055229265103
Irreplaceable,71,32.61105045154884,0.0007366511642238674
Meant to Be (feat. Florida Georgia Line),71,32.61105045154884,0.0007366511642238674
Bye Bye Bye,71,32.61105045154884,0.0007366511642238674
Santa Tell Me,71,32.61105045154884,0.0007366511642238674
Hold On,71,32.61105045154884,0.0007366511642238674
Warriors,71,32.61105045154884,0.0007366511642238674
Blueberry Faygo,71,32.61105045154884,0.0007366511642238674
X Gon' Give It To Ya,71,32.61105045154884,0.0007366511642238674
Otro Trago,71,32.61105045154884,0.0007366511642238674
Candy,71,32.61105045154884,0.0007366511642238674
Perfect,81,32.511033251289334,0.0007344590938772478
Hate It Or Love It,81,32.511033251289334,0.0007344590938772478
It's My Life,81,32.511033251289334,0.0007344590938772478
Cigarette Daydreams,81,32.511033251289334,0.0007344590938772478
Impossible,81,32.511033251289334,0.0007344590938772478
No Idea,81,32.511033251289334,0.0007344590938772478
R U Mine?,81,32.511033251289334,0.0007344590938772478
Chantaje (feat. Maluma),81,32.511033251289334,0.0007344590938772478
Bad At Love,81,32.511033251289334,0.0007344590938772478
Right Round,81,32.511033251289334,0.0007344590938772478
Teenage Fever,81,32.511033251289334,0.0007344590938772478
Animal I Have Become,81,32.511033251289334,0.0007344590938772478
Use Somebody,81,32.511033251289334,0.0007344590938772478
"After The Storm (feat. Tyler, The Creator & Bootsy Collins)",81,32.511033251289334,0.0007344590938772478
Bound 2,81,32.511033251289334,0.0007344590938772478
Lost in the Fire (feat. The Weeknd),81,32.511033251289334,0.0007344590938772478
The Middle,81,32.511033251289334,0.0007344590938772478
Love Songs - Bonus,81,32.511033251289334,0.0007344590938772478
Amanece,81,32.511033251289334,0.0007344590938772478
Homecoming,81,32.511033251289334,0.0007344590938772478
Is There Someone Else?,81,32.511033251289334,0.0007344590938772478
Island In The Sun,81,32.511033251289334,0.0007344590938772478
PROVENZA,81,32.511033251289334,0.0007344590938772478
Bang Bang,81,32.511033251289334,0.0007344590938772478
Young Dumb & Broke,81,32.511033251289334,0.0007344590938772478
Let Me Down Slowly,81,32.511033251289334,0.0007344590938772478
Godzilla (feat. Juice WRLD),81,32.511033251289334,0.0007344590938772478
Revenge,81,32.511033251289334,0.0007344590938772478
death bed (coffee for your head),81,32.511033251289334,0.0007344590938772478
Centuries,81,32.511033251289334,0.0007344590938772478
Ric Flair Drip (with Metro Boomin),81,32.511033251289334,0.0007344590938772478
Ophelia,81,32.511033251289334,0.0007344590938772478
ocean eyes,81,32.511033251289334,0.0007344590938772478
"thank u, next",81,32.511033251289334,0.0007344590938772478
Riptide,81,32.511033251289334,0.0007344590938772478
Easy On Me,81,32.511033251289334,0.0007344590938772478
Hope,81,32.511033251289334,0.0007344590938772478
Waiting For Love,81,32.511033251289334,0.0007344590938772478
All Girls Are The Same,81,32.511033251289334,0.0007344590938772478
WHATS POPPIN,70,32.28884961099952,0.000729589509764519
DUELE EL CORAZON,70,32.28884961099952,0.000729589509764519
MONEY,70,32.28884961099952,0.000729589509764519
Same Old Love,70,32.28884961099952,0.000729589509764519
How You Like That,70,32.28884961099952,0.000729589509764519
Fake Love,70,32.28884961099952,0.000729589509764519
Rise,70,32.28884961099952,0.000729589509764519
UN DIA (ONE DAY) (Feat. Tainy),70,32.28884961099952,0.000729589509764519
SUBEME LA RADIO,70,32.28884961099952,0.000729589509764519
Gives You Hell,70,32.28884961099952,0.000729589509764519
Rojo,70,32.28884961099952,0.000729589509764519
YOUTH,70,32.28884961099952,0.000729589509764519
Better,70,32.28884961099952,0.000729589509764519
Locked Away (feat. Adam Levine),80,32.22955060582126,0.0007282898573997453
Sundress,80,32.22955060582126,0.0007282898573997453
i was all over her,80,32.22955060582126,0.0007282898573997453
Rolling in the Deep,80,32.22955060582126,0.0007282898573997453
Babydoll,80,32.22955060582126,0.0007282898573997453
Grenade,80,32.22955060582126,0.0007282898573997453
"Happy - From ""Despicable Me 2""",80,32.22955060582126,0.0007282898573997453
Santeria,80,32.22955060582126,0.0007282898573997453
Work from Home (feat. Ty Dolla $ign),80,32.22955060582126,0.0007282898573997453
PILLOWTALK,80,32.22955060582126,0.0007282898573997453
Blame (feat. John Newman),80,32.22955060582126,0.0007282898573997453
Rock with You - Single Version,80,32.22955060582126,0.0007282898573997453
Havana (feat. Young Thug),80,32.22955060582126,0.0007282898573997453
My Boo,80,32.22955060582126,0.0007282898573997453
Be My Baby,80,32.22955060582126,0.0007282898573997453
Show Me How,80,32.22955060582126,0.0007282898573997453
Can't Remember to Forget You (feat. Rihanna),80,32.22955060582126,0.0007282898573997453
Heart Attack,80,32.22955060582126,0.0007282898573997453
Wild Ones (feat. Sia),80,32.22955060582126,0.0007282898573997453
Budapest,80,32.22955060582126,0.0007282898573997453
Natural,80,32.22955060582126,0.0007282898573997453
The Next Episode,80,32.22955060582126,0.0007282898573997453
Congratulations,80,32.22955060582126,0.0007282898573997453
Your Love,80,32.22955060582126,0.0007282898573997453
Treasure,80,32.22955060582126,0.0007282898573997453
Me Dediqué a Perderte,80,32.22955060582126,0.0007282898573997453
watch,80,32.22955060582126,0.0007282898573997453
Heading South,80,32.22955060582126,0.0007282898573997453
Something About You,80,32.22955060582126,0.0007282898573997453
Peaches (feat. Daniel Caesar & Giveon),80,32.22955060582126,0.0007282898573997453
Mr. Loverman,80,32.22955060582126,0.0007282898573997453
Can't Get You out of My Head,80,32.22955060582126,0.0007282898573997453
Kiss Me Thru The Phone,80,32.22955060582126,0.0007282898573997453
Violent Crimes,80,32.22955060582126,0.0007282898573997453
Wherever You Will Go,80,32.22955060582126,0.0007282898573997453
You Get Me So High,80,32.22955060582126,0.0007282898573997453
Chasin' You,80,32.22955060582126,0.0007282898573997453
SOLO,69,31.96526489223583,0.0007224975249381018
Dear Future Husband,69,31.96526489223583,0.0007224975249381018
Waka Waka (This Time for Africa) [The Official 2010 FIFA World Cup (TM) Song] (feat. Freshlyground),69,31.96526489223583,0.0007224975249381018
Good as Hell,69,31.96526489223583,0.0007224975249381018
Piece Of Your Heart,69,31.96526489223583,0.0007224975249381018
Plain Jane,69,31.96526489223583,0.0007224975249381018
All About That Bass,69,31.96526489223583,0.0007224975249381018
La La La,69,31.96526489223583,0.0007224975249381018
Solo (feat. Demi Lovato),69,31.96526489223583,0.0007224975249381018
"Alone, Pt. II",69,31.96526489223583,0.0007224975249381018
Break Your Heart,69,31.96526489223583,0.0007224975249381018
Moves Like Jagger,69,31.96526489223583,0.0007224975249381018
Jumpman,69,31.96526489223583,0.0007224975249381018
Dancing in the Moonlight,79,31.947010387048735,0.0007220974421582498
Starships,79,31.947010387048735,0.0007220974421582498
Electric Feel,79,31.947010387048735,0.0007220974421582498
Hawái,79,31.947010387048735,0.0007220974421582498
Train Wreck,79,31.947010387048735,0.0007220974421582498
When I Come Around,79,31.947010387048735,0.0007220974421582498
Drive,79,31.947010387048735,0.0007220974421582498
More Than You Know,79,31.947010387048735,0.0007220974421582498
La Santa,79,31.947010387048735,0.0007220974421582498
Bruises,79,31.947010387048735,0.0007220974421582498
Everybody Talks,79,31.947010387048735,0.0007220974421582498
The Way Life Goes (feat. Oh Wonder),79,31.947010387048735,0.0007220974421582498
Adore You,79,31.947010387048735,0.0007220974421582498
no tears left to cry,79,31.947010387048735,0.0007220974421582498
Miss Independent,79,31.947010387048735,0.0007220974421582498
boyfriend (with Social House),79,31.947010387048735,0.0007220974421582498
Father Stretch My Hands Pt. 1,79,31.947010387048735,0.0007220974421582498
Alright,79,31.947010387048735,0.0007220974421582498
Si Estuviésemos Juntos,79,31.947010387048735,0.0007220974421582498
Put Your Records On,79,31.947010387048735,0.0007220974421582498
Dynamite,79,31.947010387048735,0.0007220974421582498
Thnks fr th Mmrs,79,31.947010387048735,0.0007220974421582498
Sky,79,31.947010387048735,0.0007220974421582498
Sofia,79,31.947010387048735,0.0007220974421582498
Need to Know,79,31.947010387048735,0.0007220974421582498
EARFQUAKE,79,31.947010387048735,0.0007220974421582498
Dile al Amor,79,31.947010387048735,0.0007220974421582498
You're The One That I Want - From “Grease”,79,31.947010387048735,0.0007220974421582498
Hasta la Raíz,79,31.947010387048735,0.0007220974421582498
positions,79,31.947010387048735,0.0007220974421582498
July,79,31.947010387048735,0.0007220974421582498
Bored,79,31.947010387048735,0.0007220974421582498
You Are The Reason,79,31.947010387048735,0.0007220974421582498
Secrets,78,31.66339515785357,0.0007158814659845979
I Can't Handle Change,78,31.66339515785357,0.0007158814659845979
Rude Boy,78,31.66339515785357,0.0007158814659845979
Tongue Tied,78,31.66339515785357,0.0007158814659845979
Friday I'm In Love,78,31.66339515785357,0.0007158814659845979
Chicago Freestyle (feat. Giveon),78,31.66339515785357,0.0007158814659845979
"...And to Those I Love, Thanks for Sticking Around",78,31.66339515785357,0.0007158814659845979
Take It Easy - 2013 Remaster,78,31.66339515785357,0.0007158814659845979
Valerie (feat. Amy Winehouse) - Version Revisited,78,31.66339515785357,0.0007158814659845979
YKWIM?,78,31.66339515785357,0.0007158814659845979
Immigrant Song - Remaster,78,31.66339515785357,0.0007158814659845979
21 Questions,78,31.66339515785357,0.0007158814659845979
Diet Mountain Dew,78,31.66339515785357,0.0007158814659845979
What's My Age Again?,78,31.66339515785357,0.0007158814659845979
This Is What You Came For,78,31.66339515785357,0.0007158814659845979
Roxanne,78,31.66339515785357,0.0007158814659845979
Mood (feat. iann dior),78,31.66339515785357,0.0007158814659845979
Felices los 4,78,31.66339515785357,0.0007158814659845979
Buy U a Drank (Shawty Snappin') (feat. Yung Joc),78,31.66339515785357,0.0007158814659845979
Company,78,31.66339515785357,0.0007158814659845979
Life Goes On,78,31.66339515785357,0.0007158814659845979
Jocelyn Flores,78,31.66339515785357,0.0007158814659845979
Neverita,78,31.66339515785357,0.0007158814659845979
Si Veo a Tu Mamá,78,31.66339515785357,0.0007158814659845979
The Middle,78,31.66339515785357,0.0007158814659845979
Hold On,78,31.66339515785357,0.0007158814659845979
Freestyle,78,31.66339515785357,0.0007158814659845979
YOSEMITE,78,31.66339515785357,0.0007158814659845979
Everybody Dies In Their Nightmares,78,31.66339515785357,0.0007158814659845979
Forgot About Dre,78,31.66339515785357,0.0007158814659845979
Young,78,31.66339515785357,0.0007158814659845979
This Town,78,31.66339515785357,0.0007158814659845979
Drag Me Down,78,31.66339515785357,0.0007158814659845979
Until I Found You,78,31.66339515785357,0.0007158814659845979
idontwannabeyouanymore,78,31.66339515785357,0.0007158814659845979
"Lo Que Pasó, Pasó",78,31.66339515785357,0.0007158814659845979
Let Me Know (I Wonder Why Freestyle),78,31.66339515785357,0.0007158814659845979
Human,78,31.66339515785357,0.0007158814659845979
Let's Stay Together,78,31.66339515785357,0.0007158814659845979
DÁKITI,78,31.66339515785357,0.0007158814659845979
Heartless,78,31.66339515785357,0.0007158814659845979
Middle,78,31.66339515785357,0.0007158814659845979
Taste (feat. Offset),68,31.64027016360628,0.000715374637018943
Falling,68,31.64027016360628,0.000715374637018943
Ocean Drive,68,31.64027016360628,0.000715374637018943
Song 2,68,31.64027016360628,0.000715374637018943
Someone To You,68,31.64027016360628,0.000715374637018943
Swervin (feat. 6ix9ine),68,31.64027016360628,0.000715374637018943
I Love It (& Lil Pump),68,31.64027016360628,0.000715374637018943
Leave Me Alone,68,31.64027016360628,0.000715374637018943
Cuando Nadie Ve,77,31.378686965916295,0.0007096415354189943
Where Are You Now,77,31.378686965916295,0.0007096415354189943
Martin & Gina,77,31.378686965916295,0.0007096415354189943
MIA,77,31.378686965916295,0.0007096415354189943
Never Forget You,77,31.378686965916295,0.0007096415354189943
Devil Eyes,77,31.378686965916295,0.0007096415354189943
Lose You To Love Me,77,31.378686965916295,0.0007096415354189943
Hear Me Now,77,31.378686965916295,0.0007096415354189943
You've Got The Love,77,31.378686965916295,0.0007096415354189943
Dancing With Your Ghost,77,31.378686965916295,0.0007096415354189943
Take A Bow,77,31.378686965916295,0.0007096415354189943
New Light,77,31.378686965916295,0.0007096415354189943
Location,77,31.378686965916295,0.0007096415354189943
El Perdón (with Enrique Iglesias),77,31.378686965916295,0.0007096415354189943
"Whenever, Wherever",77,31.378686965916295,0.0007096415354189943
Are You Bored Yet? (feat. Clairo),77,31.378686965916295,0.0007096415354189943
Mount Everest,77,31.378686965916295,0.0007096415354189943
Black Magic,77,31.378686965916295,0.0007096415354189943
Pompeii,77,31.378686965916295,0.0007096415354189943
Imagine - Remastered 2010,77,31.378686965916295,0.0007096415354189943
Unchained Melody,77,31.378686965916295,0.0007096415354189943
"Dance, Dance",77,31.378686965916295,0.0007096415354189943
Dancin (feat. Luvli) - Krono Remix,77,31.378686965916295,0.0007096415354189943
God is a woman,77,31.378686965916295,0.0007096415354189943
Sweet Caroline,77,31.378686965916295,0.0007096415354189943
11 PM,77,31.378686965916295,0.0007096415354189943
We Belong Together,77,31.378686965916295,0.0007096415354189943
BEST INTEREST,77,31.378686965916295,0.0007096415354189943
Magnolia,77,31.378686965916295,0.0007096415354189943
Start Me Up - Remastered 2009,77,31.378686965916295,0.0007096415354189943
Boys Don't Cry,77,31.378686965916295,0.0007096415354189943
(I Can't Get No) Satisfaction - Mono,77,31.378686965916295,0.0007096415354189943
Wasted On You,77,31.378686965916295,0.0007096415354189943
It Ain't Me (with Selena Gomez),77,31.378686965916295,0.0007096415354189943
Doin' Time,77,31.378686965916295,0.0007096415354189943
Scared to Be Lonely,77,31.378686965916295,0.0007096415354189943
This Could Be Us,77,31.378686965916295,0.0007096415354189943
FRIENDS,77,31.378686965916295,0.0007096415354189943
In the End,67,31.31383840755221,0.0007082202538650005
No Money,67,31.31383840755221,0.0007082202538650005
All Night,67,31.31383840755221,0.0007082202538650005
POPSTAR (feat. Drake),67,31.31383840755221,0.0007082202538650005
DNA,67,31.31383840755221,0.0007082202538650005
Hands To Myself,67,31.31383840755221,0.0007082202538650005
Butter,67,31.31383840755221,0.0007082202538650005
One Right Now (with The Weeknd),67,31.31383840755221,0.0007082202538650005
Do It To It,67,31.31383840755221,0.0007082202538650005
Suge,67,31.31383840755221,0.0007082202538650005
DDU-DU DDU-DU,67,31.31383840755221,0.0007082202538650005
Talking to the Moon,76,31.092867321590724,0.0007033772452250893
You Can't Hurry Love - 2016 Remaster,76,31.092867321590724,0.0007033772452250893
Crank That (Soulja Boy),76,31.092867321590724,0.0007033772452250893
FourFiveSeconds,76,31.092867321590724,0.0007033772452250893
Look Back at It,76,31.092867321590724,0.0007033772452250893
A Tu Merced,76,31.092867321590724,0.0007033772452250893
Lean Wit Me,76,31.092867321590724,0.0007033772452250893
Calling My Phone,76,31.092867321590724,0.0007033772452250893
Misery Business,76,31.092867321590724,0.0007033772452250893
Yesterday - Remastered 2009,76,31.092867321590724,0.0007033772452250893
Cúrame,76,31.092867321590724,0.0007033772452250893
9 to 5,76,31.092867321590724,0.0007033772452250893
Déjala Que Vuelva (feat. Manuel Turizo),76,31.092867321590724,0.0007033772452250893
As If It's Your Last,76,31.092867321590724,0.0007033772452250893
Late Night Talking,76,31.092867321590724,0.0007033772452250893
The Greatest,76,31.092867321590724,0.0007033772452250893
Kill Yourself (Part III),76,31.092867321590724,0.0007033772452250893
Madura,76,31.092867321590724,0.0007033772452250893
Alien Blues,76,31.092867321590724,0.0007033772452250893
Snowman,76,31.092867321590724,0.0007033772452250893
RAPSTAR,76,31.092867321590724,0.0007033772452250893
Bad Day,76,31.092867321590724,0.0007033772452250893
Chanel,76,31.092867321590724,0.0007033772452250893
Wolves,76,31.092867321590724,0.0007033772452250893
X,76,31.092867321590724,0.0007033772452250893
September,76,31.092867321590724,0.0007033772452250893
Girl on Fire,76,31.092867321590724,0.0007033772452250893
Nevermind,76,31.092867321590724,0.0007033772452250893
Space Cadet (feat. Gunna),76,31.092867321590724,0.0007033772452250893
ORANGE SODA,76,31.092867321590724,0.0007033772452250893
Body,76,31.092867321590724,0.0007033772452250893
Hate Me,76,31.092867321590724,0.0007033772452250893
Renegades,76,31.092867321590724,0.0007033772452250893
Stole the Show,76,31.092867321590724,0.0007033772452250893
Slide (feat. Frank Ocean & Migos),76,31.092867321590724,0.0007033772452250893
Numb / Encore,66,30.985941676869786,0.0007010337629592609
Five More Hours,66,30.985941676869786,0.0007010337629592609
How Do You Sleep?,66,30.985941676869786,0.0007010337629592609
Jump Around,66,30.985941676869786,0.0007010337629592609
Giant (with Rag'n'Bone Man),66,30.985941676869786,0.0007010337629592609
Mi Gente,66,30.985941676869786,0.0007010337629592609
No Promises (feat. Demi Lovato),66,30.985941676869786,0.0007010337629592609
Come & Go (with Marshmello),75,30.80591717452415,0.0006970881778775658
Enemy (with JID) - from the series Arcane League of Legends,75,30.80591717452415,0.0006970881778775658
Apologize,75,30.80591717452415,0.0006970881778775658
It's You,75,30.80591717452415,0.0006970881778775658
Strawberries & Cigarettes,75,30.80591717452415,0.0006970881778775658
Make You Feel My Love,75,30.80591717452415,0.0006970881778775658
Habits (Stay High),75,30.80591717452415,0.0006970881778775658
Since U Been Gone,75,30.80591717452415,0.0006970881778775658
MIDDLE OF THE NIGHT,75,30.80591717452415,0.0006970881778775658
Weekend (feat. Miguel),75,30.80591717452415,0.0006970881778775658
I Say a Little Prayer,75,30.80591717452415,0.0006970881778775658
I'm Gonna Be (500 Miles),75,30.80591717452415,0.0006970881778775658
Work Song,75,30.80591717452415,0.0006970881778775658
Reggaetón Lento (Bailemos),75,30.80591717452415,0.0006970881778775658
Happier,75,30.80591717452415,0.0006970881778775658
Formula,75,30.80591717452415,0.0006970881778775658
Desconocidos,75,30.80591717452415,0.0006970881778775658
Arcade,75,30.80591717452415,0.0006970881778775658
Intentions (feat. Quavo),75,30.80591717452415,0.0006970881778775658
Chasing Pavements,75,30.80591717452415,0.0006970881778775658
La Gozadera (feat. Marc Anthony),75,30.80591717452415,0.0006970881778775658
Dance Monkey,75,30.80591717452415,0.0006970881778775658
Clouded,75,30.80591717452415,0.0006970881778775658
Sanctuary,75,30.80591717452415,0.0006970881778775658
Lemonade (feat. NAV),75,30.80591717452415,0.0006970881778775658
2055,75,30.80591717452415,0.0006970881778775658
Heartless (feat. Morgan Wallen),75,30.80591717452415,0.0006970881778775658
De Música Ligera,65,30.656551048115542,0.0006938145303885317
Unsteady,74,30.517816888934156,0.0006907739030202824
Apologize,74,30.517816888934156,0.0006907739030202824
The Business,74,30.517816888934156,0.0006907739030202824
Ballin' (with Roddy Ricch),74,30.517816888934156,0.0006907739030202824
Botella Tras Botella,74,30.517816888934156,0.0006907739030202824
Like I Can,74,30.517816888934156,0.0006907739030202824
How Far I'll Go,74,30.517816888934156,0.0006907739030202824
Faith - Remastered,74,30.517816888934156,0.0006907739030202824
Golden,74,30.517816888934156,0.0006907739030202824
Amorfoda,74,30.517816888934156,0.0006907739030202824
Loco Contigo (feat. J. Balvin & Tyga),74,30.517816888934156,0.0006907739030202824
Boss Bitch,74,30.517816888934156,0.0006907739030202824
Darkside,74,30.517816888934156,0.0006907739030202824
BOP,74,30.517816888934156,0.0006907739030202824
Money In The Grave (Drake ft. Rick Ross),74,30.517816888934156,0.0006907739030202824
Go Flex,74,30.517816888934156,0.0006907739030202824
Because of You,74,30.517816888934156,0.0006907739030202824
Summertime Sadness (Lana Del Rey Vs. Cedric Gervais) - Cedric Gervais Remix,74,30.517816888934156,0.0006907739030202824
Lo Siento BB:/,74,30.517816888934156,0.0006907739030202824
Meet Me At Our Spot,74,30.517816888934156,0.0006907739030202824
Where Is My Mind?,74,30.517816888934156,0.0006907739030202824
Hurt,74,30.517816888934156,0.0006907739030202824
Stargirl Interlude,74,30.517816888934156,0.0006907739030202824
We Are The Champions - Remastered 2011,74,30.517816888934156,0.0006907739030202824
bury a friend,74,30.517816888934156,0.0006907739030202824
Lean On,64,30.325636571921724,0.0006865618997545053
"1, 2, 3 (feat. Jason Derulo & De La Ghetto)",64,30.325636571921724,0.0006865618997545053
Don't Be Shy,64,30.325636571921724,0.0006865618997545053
Talk,64,30.325636571921724,0.0006865618997545053
Hall of Fame,64,30.325636571921724,0.0006865618997545053
La Bicicleta,64,30.325636571921724,0.0006865618997545053
Bounce Back,64,30.325636571921724,0.0006865618997545053
Love Lies,73,30.22854621744574,0.0006844339768928637
Sunday Best,73,30.22854621744574,0.0006844339768928637
Radio,73,30.22854621744574,0.0006844339768928637
I Don't Wanna Do This Anymore,73,30.22854621744574,0.0006844339768928637
Issues,73,30.22854621744574,0.0006844339768928637
Heroes (we could be),73,30.22854621744574,0.0006844339768928637
Money Longer,73,30.22854621744574,0.0006844339768928637
abcdefu,73,30.22854621744574,0.0006844339768928637
comethru,73,30.22854621744574,0.0006844339768928637
the remedy for a broken heart (why am I so in love),73,30.22854621744574,0.0006844339768928637
Respect,73,30.22854621744574,0.0006844339768928637
Toxic,73,30.22854621744574,0.0006844339768928637
TE MUDASTE,73,30.22854621744574,0.0006844339768928637
Like I'm Gonna Lose You (feat. John Legend),73,30.22854621744574,0.0006844339768928637
I Hate Everything About You,73,30.22854621744574,0.0006844339768928637
About Damn Time,73,30.22854621744574,0.0006844339768928637
Tusa,73,30.22854621744574,0.0006844339768928637
Naked,73,30.22854621744574,0.0006844339768928637
What You Know,73,30.22854621744574,0.0006844339768928637
Die A Happy Man,73,30.22854621744574,0.0006844339768928637
Dancing With A Stranger (with Normani),73,30.22854621744574,0.0006844339768928637
Someone New,73,30.22854621744574,0.0006844339768928637
Your Love (9PM),73,30.22854621744574,0.0006844339768928637
wish you were gay,73,30.22854621744574,0.0006844339768928637
8TEEN,73,30.22854621744574,0.0006844339768928637
Candy Paint,73,30.22854621744574,0.0006844339768928637
If the World Was Ending (feat. Julia Michaels),73,30.22854621744574,0.0006844339768928637
Yo Perreo Sola,73,30.22854621744574,0.0006844339768928637
my ex's best friend (with blackbear),73,30.22854621744574,0.0006844339768928637
Please Don't Go,63,29.993167219965084,0.0006792751910114786
Whoopty,63,29.993167219965084,0.0006792751910114786
breathin,72,29.938084273383943,0.0006780679417234395
10 Freaky Girls (with 21 Savage),72,29.938084273383943,0.0006780679417234395
YEAH RIGHT,72,29.938084273383943,0.0006780679417234395
Come Get Her,72,29.938084273383943,0.0006780679417234395
Still Don't Know My Name,72,29.938084273383943,0.0006780679417234395
Eastside (with Halsey & Khalid),72,29.938084273383943,0.0006780679417234395
Sorry Not Sorry,72,29.938084273383943,0.0006780679417234395
Chill Bill (feat. J. Davi$ & Spooks),72,29.938084273383943,0.0006780679417234395
River (feat. Ed Sheeran),72,29.938084273383943,0.0006780679417234395
Pure Water (with Migos),72,29.938084273383943,0.0006780679417234395
Son Of A Preacher Man,72,29.938084273383943,0.0006780679417234395
Breaking Me,72,29.938084273383943,0.0006780679417234395
Intro,72,29.938084273383943,0.0006780679417234395
Skinny Love,72,29.938084273383943,0.0006780679417234395
Breezeblocks,72,29.938084273383943,0.0006780679417234395
GDFR (feat. Sage the Gemini & Lookas),72,29.938084273383943,0.0006780679417234395
Swang,72,29.938084273383943,0.0006780679417234395
La Difícil,72,29.938084273383943,0.0006780679417234395
Rewrite The Stars,72,29.938084273383943,0.0006780679417234395
Starving,72,29.938084273383943,0.0006780679417234395
Bubbly,72,29.938084273383943,0.0006780679417234395
All I Want,72,29.938084273383943,0.0006780679417234395
Moral of the Story,72,29.938084273383943,0.0006780679417234395
WITHOUT YOU,72,29.938084273383943,0.0006780679417234395
Man! I Feel Like A Woman!,72,29.938084273383943,0.0006780679417234395
Bodak Yellow,72,29.938084273383943,0.0006780679417234395
In My Blood,72,29.938084273383943,0.0006780679417234395
Volando,62,29.65911082830679,0.0006719536992245367
Vem Dancar Kuduro,71,29.646409501408037,0.0006716753250850363
Nothing Breaks Like a Heart (feat. Miley Cyrus),71,29.646409501408037,0.0006716753250850363
I Want To Break Free,71,29.646409501408037,0.0006716753250850363
Astronaut In The Ocean,71,29.646409501408037,0.0006716753250850363
Lalala,71,29.646409501408037,0.0006716753250850363
Little Things,71,29.646409501408037,0.0006716753250850363
Promises (with Sam Smith),71,29.646409501408037,0.0006716753250850363
Savage Love (Laxed - Siren Beat),71,29.646409501408037,0.0006716753250850363
Mine,71,29.646409501408037,0.0006716753250850363
Say Something,71,29.646409501408037,0.0006716753250850363
Kill This Love,71,29.646409501408037,0.0006716753250850363
Go Fuck Yourself,71,29.646409501408037,0.0006716753250850363
You're Still The One,71,29.646409501408037,0.0006716753250850363
Can We Kiss Forever?,71,29.646409501408037,0.0006716753250850363
Scars To Your Beautiful,70,29.353499646363197,0.0006652556392129013
Girls Like You,70,29.353499646363197,0.0006652556392129013
Little Do You Know,70,29.353499646363197,0.0006652556392129013
Tacones Rojos,70,29.353499646363197,0.0006652556392129013
Prisoner (feat. Dua Lipa),70,29.353499646363197,0.0006652556392129013
THE SCOTTS,70,29.353499646363197,0.0006652556392129013
MAMIII,70,29.353499646363197,0.0006652556392129013
Three Little Birds,70,29.353499646363197,0.0006652556392129013
Beautiful People (feat. Khalid),70,29.353499646363197,0.0006652556392129013
Summer Days (feat. Macklemore & Patrick Stump of Fall Out Boy),70,29.353499646363197,0.0006652556392129013
Midnight Sky,70,29.353499646363197,0.0006652556392129013
A Milli,70,29.353499646363197,0.0006652556392129013
3 Nights,70,29.353499646363197,0.0006652556392129013
Bandido,70,29.353499646363197,0.0006652556392129013
One Call Away,70,29.353499646363197,0.0006652556392129013
Dura,70,29.353499646363197,0.0006652556392129013
i'm so tired...,70,29.353499646363197,0.0006652556392129013
Vete,70,29.353499646363197,0.0006652556392129013
Count on Me,70,29.353499646363197,0.0006652556392129013
Lonely (with benny blanco),70,29.353499646363197,0.0006652556392129013
Royals,61,29.32343403679233,0.0006645966932413849
Out of My League,61,29.32343403679233,0.0006645966932413849
Go Your Own Way,61,29.32343403679233,0.0006645966932413849
Another One Bites The Dust,61,29.32343403679233,0.0006645966932413849
Con Altura,69,29.059331720214388,0.0006588083802797947
When You Love Someone,69,29.059331720214388,0.0006588083802797947
Girls Need Love,69,29.059331720214388,0.0006588083802797947
Someone You Loved,69,29.059331720214388,0.0006588083802797947
"These Days (feat. Jess Glynne, Macklemore & Dan Caplen)",69,29.059331720214388,0.0006588083802797947
Everywhere,69,29.059331720214388,0.0006588083802797947
Noticed,69,29.059331720214388,0.0006588083802797947
Ignorantes,69,29.059331720214388,0.0006588083802797947
Here,69,29.059331720214388,0.0006588083802797947
FEFE (feat. Nicki Minaj & Murda Beatz),69,29.059331720214388,0.0006588083802797947
Panini,60,28.98610222416832,0.0006572034142703086
You Know How We Do It,68,28.7638819669148,0.000652333027626014
Jackie Chan,68,28.7638819669148,0.000652333027626014
Saturday Nights,68,28.7638819669148,0.000652333027626014
Lucky,68,28.7638819669148,0.000652333027626014
Party Girl,68,28.7638819669148,0.000652333027626014
Let It Snow! Let It Snow! Let It Snow!,68,28.7638819669148,0.000652333027626014
Lonely Boy,68,28.7638819669148,0.000652333027626014
Look Alive (feat. Drake),68,28.7638819669148,0.000652333027626014
Dembow,68,28.7638819669148,0.000652333027626014
BICHOTA,68,28.7638819669148,0.000652333027626014
Lights Up,68,28.7638819669148,0.000652333027626014
Envolver,68,28.7638819669148,0.000652333027626014
Leave a Light On,68,28.7638819669148,0.000652333027626014
More Than A Woman,68,28.7638819669148,0.000652333027626014
Anyone,67,28.46712582504746,0.0006458290429406117
Never Be Like You,67,28.46712582504746,0.0006458290429406117
Say My Name,67,28.46712582504746,0.0006458290429406117
Single Ladies (Put a Ring on It),67,28.46712582504746,0.0006458290429406117
Bandit (with YoungBoy Never Broke Again),67,28.46712582504746,0.0006458290429406117
Holy (feat. Chance The Rapper),67,28.46712582504746,0.0006458290429406117
Sin Pijama,67,28.46712582504746,0.0006458290429406117
Trumpets,67,28.46712582504746,0.0006458290429406117
Paradise,67,28.46712582504746,0.0006458290429406117
Una Lady Como Tú,67,28.46712582504746,0.0006458290429406117
At My Worst,67,28.46712582504746,0.0006458290429406117
Have You Ever Seen The Rain,67,28.46712582504746,0.0006458290429406117
Sex - Radio Edit,58,28.306328322726394,0.0006423048547436419
It's Beginning to Look a Lot like Christmas,66,28.16903788806344,0.0006392958693899394
Supalonely,66,28.16903788806344,0.0006392958693899394
If I Can't Have You,66,28.16903788806344,0.0006392958693899394
The Ocean (feat. Shy Martin),66,28.16903788806344,0.0006392958693899394
Legends,66,28.16903788806344,0.0006392958693899394
Underneath the Tree,66,28.16903788806344,0.0006392958693899394
Take You Dancing,66,28.16903788806344,0.0006392958693899394
Back To You,66,28.16903788806344,0.0006392958693899394
Worth It,57,27.96381003411655,0.0006347979041222642
Wait a Minute!,57,27.96381003411655,0.0006347979041222642
All Time Low,65,27.86959186192322,0.0006327329306892765
Marvin Gaye (feat. Meghan Trainor),65,27.86959186192322,0.0006327329306892765
Qué Más Pues?,65,27.86959186192322,0.0006327329306892765
Rescue Me,65,27.86959186192322,0.0006327329306892765
Bloom (Online Bonus Track),65,27.86959186192322,0.0006327329306892765
Still into You,64,27.568760519928837,0.0006261396301128889
2U (feat. Justin Bieber),64,27.568760519928837,0.0006261396301128889
Burn,64,27.568760519928837,0.0006261396301128889
Yummy,64,27.568760519928837,0.0006261396301128889
It's the Most Wonderful Time of the Year,64,27.568760519928837,0.0006261396301128889
Strip That Down,64,27.568760519928837,0.0006261396301128889
XO Tour Llif3,55,27.273308616670086,0.0006196642303385957
Alors On Danse,55,27.273308616670086,0.0006196642303385957
How You Remind Me,55,27.273308616670086,0.0006196642303385957
The Diary Of Jane,63,27.26651565451371,0.0006195153494374101
Gold,63,27.26651565451371,0.0006195153494374101
Holly Jolly Christmas,63,27.26651565451371,0.0006195153494374101
I Follow Rivers,62,26.962828025733444,0.0006128594478129174
Drowning (feat. Kodak Black),62,26.962828025733444,0.0006128594478129174
Black and Yellow,54,26.92523956531166,0.0006120356240180911
American Idiot,61,26.657667306174844,0.0006061712605555067
Paranoid,61,26.657667306174844,0.0006061712605555067
Love Someone,60,26.351002021971198,0.0005994500978545282
Broccoli (feat. Lil Yachty),60,26.351002021971198,0.0005994500978545282
Weak,60,26.351002021971198,0.0005994500978545282
Bam Bam (feat. Ed Sheeran),60,26.351002021971198,0.0005994500978545282
Jessie's Girl,60,26.351002021971198,0.0005994500978545282
"How Far I'll Go - From ""Moana""",60,26.351002021971198,0.0005994500978545282
INDUSTRY BABY,52,26.223236077633008,0.0005966498601237686
Taki Taki,52,26.223236077633008,0.0005966498601237686
Feliz Navidad,59,26.042799489578826,0.0005926952433869218
Scar Tissue,59,26.042799489578826,0.0005926952433869218
lovely,59,26.042799489578826,0.0005926952433869218
Creep,91,25.865546556778337,0.0005888104026111835
Love Myself,57,25.421645485560497,0.000579081452265397
Hold Me While You Wait,57,25.421645485560497,0.000579081452265397
Sweet Child O' Mine,87,25.064333584325546,0.0005712502710169799
Something Just Like This,87,25.064333584325546,0.0005712502710169799
Bring Me To Life,87,25.064333584325546,0.0005712502710169799
Closer,86,24.86231708730235,0.000566822688846078
Gangsta's Paradise,86,24.86231708730235,0.000566822688846078
Thunderstruck,86,24.86231708730235,0.000566822688846078
LA CANCIÓN,86,24.86231708730235,0.000566822688846078
505,86,24.86231708730235,0.000566822688846078
Confident,86,24.86231708730235,0.000566822688846078
Team,55,24.79391692424553,0.0005653235670075164
Psycho,55,24.79391692424553,0.0005653235670075164
Party In The U.S.A.,55,24.79391692424553,0.0005653235670075164
All Around The World (La La La),55,24.79391692424553,0.0005653235670075164
Flashing Lights,85,24.659594632667645,0.0005623796342490118
Unforgettable,85,24.659594632667645,0.0005623796342490118
Dandelions,85,24.659594632667645,0.0005623796342490118
On Melancholy Hill,85,24.659594632667645,0.0005623796342490118
Love The Way You Lie,85,24.659594632667645,0.0005623796342490118
Love You Like A Love Song,54,24.47749051391969,0.0005583884703525124
Crazy Little Thing Called Love,54,24.47749051391969,0.0005583884703525124
Everlong,84,24.456155403849596,0.0005579208701596938
Tití Me Preguntó,84,24.456155403849596,0.0005579208701596938
Enter Sandman - Remastered 2021,84,24.456155403849596,0.0005579208701596938
Smells Like Teen Spirit,84,24.456155403849596,0.0005579208701596938
Take Me Out,84,24.456155403849596,0.0005579208701596938
Welcome To The Jungle,84,24.456155403849596,0.0005579208701596938
S&M,84,24.456155403849596,0.0005579208701596938
Les,84,24.456155403849596,0.0005579208701596938
Otherside,84,24.456155403849596,0.0005579208701596938
Summertime Sadness,84,24.456155403849596,0.0005579208701596938
Back In Black,84,24.456155403849596,0.0005579208701596938
The Real Slim Shady,84,24.456155403849596,0.0005579208701596938
Don't Stop The Music,84,24.456155403849596,0.0005579208701596938
Be Kind,47,24.43163011779155,0.0005573833510912664
Mamma Mia,47,24.43163011779155,0.0005573833510912664
Naive,47,24.43163011779155,0.0005573833510912664
Aerials,83,24.25198828755906,0.0005534461530089026
Rock Your Body,83,24.25198828755906,0.0005534461530089026
Borderline,83,24.25198828755906,0.0005534461530089026
Hold the Line,83,24.25198828755906,0.0005534461530089026
ROCKSTAR (feat. Roddy Ricch),53,24.159301170704367,0.0005514147356142577
I Love It,46,24.066582631408764,0.0005493826295360589
Monster,46,24.066582631408764,0.0005493826295360589
Heartbeat,82,24.047081861969996,0.0005489552324652343
SICKO MODE,82,24.047081861969996,0.0005489552324652343
No Me Conoce - Remix,82,24.047081861969996,0.0005489552324652343
Dancing In the Dark,82,24.047081861969996,0.0005489552324652343
I Don’t Wanna Live Forever (Fifty Shades Darker),82,24.047081861969996,0.0005489552324652343
Can't Tell Me Nothing,82,24.047081861969996,0.0005489552324652343
I Wonder,82,24.047081861969996,0.0005489552324652343
Swimming Pools (Drank),82,24.047081861969996,0.0005489552324652343
Solo,82,24.047081861969996,0.0005489552324652343
Lost,82,24.047081861969996,0.0005489552324652343
"It Must Have Been Love - From the Film ""Pretty Woman""",82,24.047081861969996,0.0005489552324652343
Paradise City,82,24.047081861969996,0.0005489552324652343
Hey Ya!,82,24.047081861969996,0.0005489552324652343
On The Floor,81,23.84142438427885,0.0005444478511624417
Black Hole Sun,81,23.84142438427885,0.0005444478511624417
With Or Without You,81,23.84142438427885,0.0005444478511624417
PRIDE.,81,23.84142438427885,0.0005444478511624417
Kiss It Better,81,23.84142438427885,0.0005444478511624417
No Guidance (feat. Drake),81,23.84142438427885,0.0005444478511624417
Heart-Shaped Box,81,23.84142438427885,0.0005444478511624417
Adiós Amor,52,23.839305525120913,0.0005444014122667646
Low,45,23.699146403244125,0.0005413295540855998
Dior - Bonus,45,23.699146403244125,0.0005413295540855998
Remember the Name,45,23.699146403244125,0.0005413295540855998
Right My Wrongs,80,23.635003777602257,0.0005399237444122731
Livin' On A Prayer,80,23.635003777602257,0.0005399237444122731
Wet Dreamz,80,23.635003777602257,0.0005399237444122731
Mary On A Cross,80,23.635003777602257,0.0005399237444122731
Even Flow,80,23.635003777602257,0.0005399237444122731
Club Can't Handle Me (feat. David Guetta),80,23.635003777602257,0.0005399237444122731
No Hands (feat. Roscoe Dash & Wale),80,23.635003777602257,0.0005399237444122731
American Boy,80,23.635003777602257,0.0005399237444122731
Let's Groove,80,23.635003777602257,0.0005399237444122731
Good Feeling,80,23.635003777602257,0.0005399237444122731
Disturbia,80,23.635003777602257,0.0005399237444122731
Crazy In Love (feat. JAY-Z),80,23.635003777602257,0.0005399237444122731
Mrs. Robinson,51,23.51745828354838,0.0005373475076127455
Prayer In C,51,23.51745828354838,0.0005373475076127455
"Signed, Sealed, Delivered (I'm Yours)",51,23.51745828354838,0.0005373475076127455
Ain't Nobody (Loves Me Better),51,23.51745828354838,0.0005373475076127455
Sweater Weather,91,23.51413323343485,0.0005372746327098691
Yellow,91,23.51413323343485,0.0005372746327098691
Pon de Replay,79,23.427807617169073,0.0005353826399018431
Fireball (feat. John Ryan),79,23.427807617169073,0.0005353826399018431
Loyal (feat. Lil Wayne & Tyga),79,23.427807617169073,0.0005353826399018431
"Me, Myself & I",79,23.427807617169073,0.0005353826399018431
Fair Trade (with Travis Scott),79,23.427807617169073,0.0005353826399018431
Say My Name,79,23.427807617169073,0.0005353826399018431
3005,79,23.427807617169073,0.0005353826399018431
Every Breath You Take,90,23.332955706220968,0.0005333037768585859
Teenagers,44,23.32925218334517,0.0005332226069932727
Tarot,78,23.219823115759286,0.0005308242573744985
Psychosocial,78,23.219823115759286,0.0005308242573744985
Free Bird,78,23.219823115759286,0.0005308242573744985
Don't You Want Me,78,23.219823115759286,0.0005308242573744985
Uprising,78,23.219823115759286,0.0005308242573744985
a lot,78,23.219823115759286,0.0005308242573744985
The Pretender,78,23.219823115759286,0.0005308242573744985
All Eyez On Me (ft. Big Syke),78,23.219823115759286,0.0005308242573744985
Down with the Sickness,78,23.219823115759286,0.0005308242573744985
Love Me Again,78,23.219823115759286,0.0005308242573744985
Ride Wit Me,78,23.219823115759286,0.0005308242573744985
Hey Mama,50,23.193712103324376,0.0005302519840462082
Apocalypse,89,23.15117323191633,0.0005293196624220246
Love Sosa,77,23.01103710833862,0.0005262483082930558
Best I Ever Had,77,23.01103710833862,0.0005262483082930558
FAKE LOVE,77,23.01103710833862,0.0005262483082930558
Meet Me Halfway,77,23.01103710833862,0.0005262483082930558
Adicto (with Anuel AA & Ozuna),77,23.01103710833862,0.0005262483082930558
Safaera,77,23.01103710833862,0.0005262483082930558
Take Care,77,23.01103710833862,0.0005262483082930558
Ambitionz Az A Ridah,77,23.01103710833862,0.0005262483082930558
Pepas,77,23.01103710833862,0.0005262483082930558
The Scientist,88,22.96877695893461,0.0005253220954005544
Shape of You,88,22.96877695893461,0.0005253220954005544
Leave Before You Love Me,43,22.95682708863161,0.0005250601908854391
Roses - Imanbek Remix,49,22.868017457069186,0.000523113756078855
Learn to Fly,76,22.801436035833202,0.0005216544954841922
oui,76,22.801436035833202,0.0005216544954841922
Can I Call You Tonight?,76,22.801436035833202,0.0005216544954841922
Drop It Like It's Hot,76,22.801436035833202,0.0005216544954841922
Green Light,76,22.801436035833202,0.0005216544954841922
"CAN'T STOP THE FEELING! (from DreamWorks Animation's ""TROLLS"")",76,22.801436035833202,0.0005216544954841922
"F**kin' Problems (feat. Drake, 2 Chainz & Kendrick Lamar)",76,22.801436035833202,0.0005216544954841922
In Your Eyes,76,22.801436035833202,0.0005216544954841922
Nonstop,76,22.801436035833202,0.0005216544954841922
Let Me Love You,76,22.801436035833202,0.0005216544954841922
The Hills,87,22.785757803932313,0.0005213108767151385
Cinnamon Girl,87,22.785757803932313,0.0005213108767151385
Young And Beautiful,87,22.785757803932313,0.0005213108767151385
Do I Wanna Know?,87,22.785757803932313,0.0005213108767151385
No. 1 Party Anthem,87,22.785757803932313,0.0005213108767151385
Cry,87,22.785757803932313,0.0005213108767151385
Without Me,87,22.785757803932313,0.0005213108767151385
Die For You,86,22.602106443002135,0.0005172858020143185
Love Me,86,22.602106443002135,0.0005172858020143185
The Chain - 2004 Remaster,86,22.602106443002135,0.0005172858020143185
Mockingbird,86,22.602106443002135,0.0005172858020143185
A Sky Full of Stars,86,22.602106443002135,0.0005172858020143185
Headlines,86,22.602106443002135,0.0005172858020143185
Somewhere Only We Know,86,22.602106443002135,0.0005172858020143185
Heat Waves,86,22.602106443002135,0.0005172858020143185
Best of You,75,22.59100592798438,0.0005170425127626749
All Along the Watchtower,75,22.59100592798438,0.0005170425127626749
Radio Ga Ga - Remastered 2011,75,22.59100592798438,0.0005170425127626749
Knife Talk (with 21 Savage ft. Project Pat),75,22.59100592798438,0.0005170425127626749
Black and Yellow,42,22.58179432300839,0.0005168406226271757
"Paint It, Black",48,22.54032248506349,0.000515931687104656
Be Alright,48,22.54032248506349,0.000515931687104656
Yeah! (feat. Lil Jon & Ludacris),85,22.41781330242513,0.0005132466614715312
Only Girl (In The World),85,22.41781330242513,0.0005132466614715312
SexyBack (feat. Timbaland),85,22.41781330242513,0.0005132466614715312
No Role Modelz,85,22.41781330242513,0.0005132466614715312
Billie Jean,85,22.41781330242513,0.0005132466614715312
Skyfall,85,22.41781330242513,0.0005132466614715312
Passionfruit,85,22.41781330242513,0.0005132466614715312
Clocks,85,22.41781330242513,0.0005132466614715312
Collard Greens,74,22.379732385218386,0.0005124120445340005
Drunk in Love (feat. JAY-Z),74,22.379732385218386,0.0005124120445340005
"I Don't Want to Miss a Thing - From ""Armageddon"" Soundtrack",74,22.379732385218386,0.0005124120445340005
Lithium,74,22.379732385218386,0.0005124120445340005
Vente Pa' Ca (feat. Maluma),74,22.379732385218386,0.0005124120445340005
There Is a Light That Never Goes Out - 2011 Remaster,84,22.232868548954176,0.0005091932395721511
Ribs,84,22.232868548954176,0.0005091932395721511
K.,84,22.232868548954176,0.0005091932395721511
Just Give Me a Reason (feat. Nate Ruess),84,22.232868548954176,0.0005091932395721511
Happier Than Ever,84,22.232868548954176,0.0005091932395721511
Get You (feat. Kali Uchis),84,22.232868548954176,0.0005091932395721511
White Ferrari,84,22.232868548954176,0.0005091932395721511
It Will Rain,84,22.232868548954176,0.0005091932395721511
I'm Not The Only One,84,22.232868548954176,0.0005091932395721511
Tennessee Whiskey,84,22.232868548954176,0.0005091932395721511
Sign of the Times,84,22.232868548954176,0.0005091932395721511
How to Save a Life,84,22.232868548954176,0.0005091932395721511
Sweet,84,22.232868548954176,0.0005091932395721511
Pink Pony Club,84,22.232868548954176,0.0005091932395721511
Paradise,84,22.232868548954176,0.0005091932395721511
Empire State Of Mind,84,22.232868548954176,0.0005091932395721511
Story of My Life,84,22.232868548954176,0.0005091932395721511
The Man Who Can't Be Moved,84,22.232868548954176,0.0005091932395721511
Hotel California - 2013 Remaster,84,22.232868548954176,0.0005091932395721511
goosebumps,84,22.232868548954176,0.0005091932395721511
What Do You Mean?,47,22.21057283435595,0.0005087045858735807
Basket Case,41,22.204072868709172,0.0005085621265574693
Too Good,73,22.16760055946021,0.0005077627653738934
Controlla,73,22.16760055946021,0.0005077627653738934
She Knows (feat. Amber Coffman & Cults),73,22.16760055946021,0.0005077627653738934
China,73,22.16760055946021,0.0005077627653738934
King Kunta,73,22.16760055946021,0.0005077627653738934
Thriller,73,22.16760055946021,0.0005077627653738934
Love Me Harder,83,22.047262079599147,0.0005051253148896138
Into You,83,22.047262079599147,0.0005051253148896138
Ojitos Lindos,83,22.047262079599147,0.0005051253148896138
Moscow Mule,83,22.047262079599147,0.0005051253148896138
Chasing Cars,83,22.047262079599147,0.0005051253148896138
Ivy,83,22.047262079599147,0.0005051253148896138
Umbrella,83,22.047262079599147,0.0005051253148896138
Sultans Of Swing,83,22.047262079599147,0.0005051253148896138
Heaven,83,22.047262079599147,0.0005051253148896138
Brooklyn Baby,83,22.047262079599147,0.0005051253148896138
Zombie - 2025 Remastered,83,22.047262079599147,0.0005051253148896138
everything i wanted,83,22.047262079599147,0.0005051253148896138
Can't Hold Us (feat. Ray Dalton),83,22.047262079599147,0.0005051253148896138
7 Years,83,22.047262079599147,0.0005051253148896138
Take Me To Church,83,22.047262079599147,0.0005051253148896138
Titanium (feat. Sia),83,22.047262079599147,0.0005051253148896138
I Was Never There,83,22.047262079599147,0.0005051253148896138
Till I Collapse,83,22.047262079599147,0.0005051253148896138
Reflections,83,22.047262079599147,0.0005051253148896138
Maniac,72,21.954595133814895,0.0005030943395829823
Shout Out to My Ex,72,21.954595133814895,0.0005030943395829823
Life Is Good (feat. Drake),72,21.954595133814895,0.0005030943395829823
This Is Me,72,21.954595133814895,0.0005030943395829823
I Love You So,46,21.878711483098876,0.0005014312026415739
The Nights,46,21.878711483098876,0.0005014312026415739
Hey There Delilah,46,21.878711483098876,0.0005014312026415739
Mirrors,82,21.860983510881812,0.0005010426598499152
Redbone,82,21.860983510881812,0.0005010426598499152
Wish You Were Here,82,21.860983510881812,0.0005010426598499152
November Rain,82,21.860983510881812,0.0005010426598499152
Still D.R.E.,82,21.860983510881812,0.0005010426598499152
I Gotta Feeling,82,21.860983510881812,0.0005010426598499152
ARE WE STILL FRIENDS?,82,21.860983510881812,0.0005010426598499152
Love,82,21.860983510881812,0.0005010426598499152
i love you,82,21.860983510881812,0.0005010426598499152
Could You Be Loved,82,21.860983510881812,0.0005010426598499152
Runaway,82,21.860983510881812,0.0005010426598499152
Ms. Jackson,82,21.860983510881812,0.0005010426598499152
Low Life (feat. The Weeknd),82,21.860983510881812,0.0005010426598499152
What's Up?,82,21.860983510881812,0.0005010426598499152
"Rocket Man (I Think It's Going To Be A Long, Long Time)",82,21.860983510881812,0.0005010426598499152
Set Fire to the Rain,82,21.860983510881812,0.0005010426598499152
West Coast,82,21.860983510881812,0.0005010426598499152
Wake Me up When September Ends,82,21.860983510881812,0.0005010426598499152
"What Is Love - 7"" Mix",82,21.860983510881812,0.0005010426598499152
Clint Eastwood,82,21.860983510881812,0.0005010426598499152
Dreams,82,21.860983510881812,0.0005010426598499152
Superman,82,21.860983510881812,0.0005010426598499152
Back To Black,82,21.860983510881812,0.0005010426598499152
After Hours,82,21.860983510881812,0.0005010426598499152
Nothin' on You (feat. Bruno Mars),82,21.860983510881812,0.0005010426598499152
Let It Happen,82,21.860983510881812,0.0005010426598499152
On Top Of The World,40,21.82357714513576,0.0005002228270120236
Beautiful Mistakes,40,21.82357714513576,0.0005002228270120236
Talk Dirty,40,21.82357714513576,0.0005002228270120236
Bad and Boujee (feat. Lil Uzi Vert),71,21.74070030103256,0.0004984064207148199
Forever,71,21.74070030103256,0.0004984064207148199
Talking Body,71,21.74070030103256,0.0004984064207148199
Beat It,81,21.674022167526225,0.0004969450404837401
Whiskey Glasses,81,21.674022167526225,0.0004969450404837401
Smooth Operator - Single Version,81,21.674022167526225,0.0004969450404837401
Forever,81,21.674022167526225,0.0004969450404837401
I'm Yours,81,21.674022167526225,0.0004969450404837401
Gimme! Gimme! Gimme! (A Man After Midnight),81,21.674022167526225,0.0004969450404837401
Lady - Hear Me Tonight,81,21.674022167526225,0.0004969450404837401
Try,81,21.674022167526225,0.0004969450404837401
Somebody That I Used To Know,81,21.674022167526225,0.0004969450404837401
"Another Brick in the Wall, Pt. 2",81,21.674022167526225,0.0004969450404837401
Running Up That Hill (A Deal With God),81,21.674022167526225,0.0004969450404837401
Karma Police,81,21.674022167526225,0.0004969450404837401
Someone Like You,81,21.674022167526225,0.0004969450404837401
Dusk Till Dawn (feat. Sia) - Radio Edit,81,21.674022167526225,0.0004969450404837401
Knockin' On Heaven's Door,81,21.674022167526225,0.0004969450404837401
When It Rains It Pours,81,21.674022167526225,0.0004969450404837401
Snow (Hey Oh),81,21.674022167526225,0.0004969450404837401
Bad Liar,81,21.674022167526225,0.0004969450404837401
Novacane,81,21.674022167526225,0.0004969450404837401
Money Trees,81,21.674022167526225,0.0004969450404837401
90210 (feat. Kacy Hill),81,21.674022167526225,0.0004969450404837401
The Only Exception,81,21.674022167526225,0.0004969450404837401
Eres Mía,81,21.674022167526225,0.0004969450404837401
Best Day Of My Life,45,21.54467854840375,0.0004941102249593385
Legends Never Die,70,21.525899740666347,0.0004936986510752542
Lucky You (feat. Joyner Lucas),70,21.525899740666347,0.0004936986510752542
Get Lucky (Radio Edit) [feat. Pharrell Williams and Nile Rodgers],80,21.486367070547505,0.000492832216165405
Fast Car,80,21.486367070547505,0.000492832216165405
Often,80,21.486367070547505,0.000492832216165405
How Deep Is Your Love,80,21.486367070547505,0.000492832216165405
Propuesta Indecente,80,21.486367070547505,0.000492832216165405
Freak On a Leash,80,21.486367070547505,0.000492832216165405
Dog Days Are Over,80,21.486367070547505,0.000492832216165405
Sola (Remix),80,21.486367070547505,0.000492832216165405
California Love - Original Version,80,21.486367070547505,0.000492832216165405
Love In The Dark,80,21.486367070547505,0.000492832216165405
Hit 'Em Up - Single Version,80,21.486367070547505,0.000492832216165405
Sunday Morning,80,21.486367070547505,0.000492832216165405
Stolen Dance,80,21.486367070547505,0.000492832216165405
Like a Stone,80,21.486367070547505,0.000492832216165405
Can I Be Him,80,21.486367070547505,0.000492832216165405
Total Eclipse of the Heart,80,21.486367070547505,0.000492832216165405
Drops of Jupiter (Tell Me),80,21.486367070547505,0.000492832216165405
"Or Nah (feat. The Weeknd, Wiz Khalifa & DJ Mustard) - Remix",80,21.486367070547505,0.000492832216165405
Imitadora,80,21.486367070547505,0.000492832216165405
Dancing On My Own,80,21.486367070547505,0.000492832216165405
Killing In The Name,80,21.486367070547505,0.000492832216165405
Hotline Bling,80,21.486367070547505,0.000492832216165405
Tu Falta De Querer,80,21.486367070547505,0.000492832216165405
Line Without a Hook,80,21.486367070547505,0.000492832216165405
Dangerous Woman,80,21.486367070547505,0.000492832216165405
夜に駆ける,69,21.310176594823886,0.0004889706611909761
Don't Go Breaking My Heart,79,21.298006924699155,0.0004887039393377414
Good Days,79,21.298006924699155,0.0004887039393377414
All Of The Lights,79,21.298006924699155,0.0004887039393377414
Midnight City,79,21.298006924699155,0.0004887039393377414
(I Just) Died In Your Arms,79,21.298006924699155,0.0004887039393377414
Hasta Que Dios Diga,79,21.298006924699155,0.0004887039393377414
Here Without You,79,21.298006924699155,0.0004887039393377414
Power Trip (feat. Miguel),79,21.298006924699155,0.0004887039393377414
All I Want,79,21.298006924699155,0.0004887039393377414
Dive,79,21.298006924699155,0.0004887039393377414
Torn,79,21.298006924699155,0.0004887039393377414
Am I Wrong,79,21.298006924699155,0.0004887039393377414
A Thousand Miles,79,21.298006924699155,0.0004887039393377414
Nights,79,21.298006924699155,0.0004887039393377414
Let It Be - Remastered 2009,79,21.298006924699155,0.0004887039393377414
B.Y.O.B.,79,21.298006924699155,0.0004887039393377414
This Side of Paradise,79,21.298006924699155,0.0004887039393377414
Hey Brother,79,21.298006924699155,0.0004887039393377414
Wagon Wheel,79,21.298006924699155,0.0004887039393377414
Dueles,79,21.298006924699155,0.0004887039393377414
Your Song,79,21.298006924699155,0.0004887039393377414
Not Afraid,79,21.298006924699155,0.0004887039393377414
Ghost Town,79,21.298006924699155,0.0004887039393377414
Obsesion,79,21.298006924699155,0.0004887039393377414
Rosas,79,21.298006924699155,0.0004887039393377414
Falling,79,21.298006924699155,0.0004887039393377414
Easy,79,21.298006924699155,0.0004887039393377414
18,79,21.298006924699155,0.0004887039393377414
Comfortably Numb,79,21.298006924699155,0.0004887039393377414
Stairway to Heaven - Remaster,79,21.298006924699155,0.0004887039393377414
Good Riddance (Time of Your Life),44,21.208411075768332,0.00048674027305722277
All Star,44,21.208411075768332,0.00048674027305722277
For The Night (feat. Lil Baby & DaBaby),44,21.208411075768332,0.00048674027305722277
Beautiful Girls,44,21.208411075768332,0.00048674027305722277
Hail to the King,78,21.108930105235714,0.00048455995522197353
Clarity,78,21.108930105235714,0.00048455995522197353
Castle on the Hill,78,21.108930105235714,0.00048455995522197353
family ties (with Kendrick Lamar),78,21.108930105235714,0.00048455995522197353
Cry Me a River,78,21.108930105235714,0.00048455995522197353
Self Esteem,78,21.108930105235714,0.00048455995522197353
Always,78,21.108930105235714,0.00048455995522197353
Sonne,78,21.108930105235714,0.00048455995522197353
Robbery,78,21.108930105235714,0.00048455995522197353
We Are Young (feat. Janelle Monáe),78,21.108930105235714,0.00048455995522197353
POWER,78,21.108930105235714,0.00048455995522197353
Firestone,78,21.108930105235714,0.00048455995522197353
Video Games,78,21.108930105235714,0.00048455995522197353
When We Were Young,78,21.108930105235714,0.00048455995522197353
Party Monster,78,21.108930105235714,0.00048455995522197353
I Still Haven't Found What I'm Looking For,78,21.108930105235714,0.00048455995522197353
Best Friend,78,21.108930105235714,0.00048455995522197353
Callaita,78,21.108930105235714,0.00048455995522197353
Free Fallin',78,21.108930105235714,0.00048455995522197353
Born To Die,78,21.108930105235714,0.00048455995522197353
Chicken Fried,78,21.108930105235714,0.00048455995522197353
Fire On Fire,78,21.108930105235714,0.00048455995522197353
Come Together - Remastered 2009,78,21.108930105235714,0.00048455995522197353
Brazil,78,21.108930105235714,0.00048455995522197353
Master Of Puppets,78,21.108930105235714,0.00048455995522197353
Me and Your Mama,78,21.108930105235714,0.00048455995522197353
Caraluna,78,21.108930105235714,0.00048455995522197353
What About Us,78,21.108930105235714,0.00048455995522197353
Earned It (Fifty Shades Of Grey),78,21.108930105235714,0.00048455995522197353
Many Men (Wish Death),77,20.919124643944198,0.0004804000015115711
Superheroes,77,20.919124643944198,0.0004804000015115711
Tal Vez,77,20.919124643944198,0.0004804000015115711
The Sound of Silence,77,20.919124643944198,0.0004804000015115711
Tiny Dancer,77,20.919124643944198,0.0004804000015115711
Carry on Wayward Son,77,20.919124643944198,0.0004804000015115711
Marvins Room,77,20.919124643944198,0.0004804000015115711
Secret Love Song (feat. Jason Derulo),77,20.919124643944198,0.0004804000015115711
Gimme Shelter,77,20.919124643944198,0.0004804000015115711
(Everything I Do) I Do It For You,77,20.919124643944198,0.0004804000015115711
I Feel It Coming,77,20.919124643944198,0.0004804000015115711
Runaway,77,20.919124643944198,0.0004804000015115711
Whole Lotta Love - 1990 Remaster,77,20.919124643944198,0.0004804000015115711
Bleeding Love,77,20.919124643944198,0.0004804000015115711
21 Guns,77,20.919124643944198,0.0004804000015115711
White Iverson,77,20.919124643944198,0.0004804000015115711
No Limit,67,20.875892271701474,0.00047945248047557524
Venom - Music From The Motion Picture,67,20.875892271701474,0.00047945248047557524
iSpy (feat. Lil Yachty),67,20.875892271701474,0.00047945248047557524
What's My Name?,67,20.875892271701474,0.00047945248047557524
Fireflies,43,20.869842807846915,0.0004793198947773741
Vivir Mi Vida,76,20.728578214393817,0.0004762238080489678
Let Her Go,76,20.728578214393817,0.0004762238080489678
Come and See Me (feat. Drake),76,20.728578214393817,0.0004762238080489678
Don't You (Forget About Me),76,20.728578214393817,0.0004762238080489678
Space Song,76,20.728578214393817,0.0004762238080489678
No Time To Die,76,20.728578214393817,0.0004762238080489678
Baba O'Riley,76,20.728578214393817,0.0004762238080489678
One,76,20.728578214393817,0.0004762238080489678
Careless Whisper,76,20.728578214393817,0.0004762238080489678
One,76,20.728578214393817,0.0004762238080489678
She,76,20.728578214393817,0.0004762238080489678
Laugh Now Cry Later (feat. Lil Durk),76,20.728578214393817,0.0004762238080489678
Sky Walker (feat. Travis Scott),76,20.728578214393817,0.0004762238080489678
Where Are Ü Now (with Justin Bieber),76,20.728578214393817,0.0004762238080489678
After Dark,76,20.728578214393817,0.0004762238080489678
Heathens,37,20.664511873661937,0.0004748196703069554
I'll Be Missing You,66,20.657294451246525,0.00047466148653841554
Rockstar,66,20.657294451246525,0.00047466148653841554
Self Care,75,20.537278116349434,0.0004720310964839521
Sweet Disposition,75,20.537278116349434,0.0004720310964839521
Love Me Like You Do,75,20.537278116349434,0.0004720310964839521
Last Christmas,75,20.537278116349434,0.0004720310964839521
The Climb,75,20.537278116349434,0.0004720310964839521
Hello,75,20.537278116349434,0.0004720310964839521
Don't Cha,75,20.537278116349434,0.0004720310964839521
Skinny Love,75,20.537278116349434,0.0004720310964839521
Don't Wanna Know,42,20.528903930007623,0.0004718475599971346
Marry You,42,20.528903930007623,0.0004718475599971346
Wannabe,42,20.528903930007623,0.0004718475599971346
changes,42,20.528903930007623,0.0004718475599971346
Play Date,42,20.528903930007623,0.0004718475599971346
Panda,65,20.437700698743694,0.000469848664824596
Rap God,74,20.34521125928944,0.00046782157991242986
Smooth Criminal - 2012 Remaster,74,20.34521125928944,0.00046782157991242986
Enjoy the Silence,74,20.34521125928944,0.00046782157991242986
idfc,74,20.34521125928944,0.00046782157991242986
STARGAZING,74,20.34521125928944,0.00046782157991242986
To Build A Home,74,20.34521125928944,0.00046782157991242986
Lost on You,74,20.34521125928944,0.00046782157991242986
Bohemian Rhapsody,74,20.34521125928944,0.00046782157991242986
Losin Control,74,20.34521125928944,0.00046782157991242986
Tunnel Vision,74,20.34521125928944,0.00046782157991242986
Halo,74,20.34521125928944,0.00046782157991242986
Love On Top,74,20.34521125928944,0.00046782157991242986
Andas En Mi Cabeza,73,20.152364144963826,0.00046359496249415074
My Name Is,73,20.152364144963826,0.00046359496249415074
Somebody Else,73,20.152364144963826,0.00046359496249415074
All I Ask,73,20.152364144963826,0.00046359496249415074
Lollipop,73,20.152364144963826,0.00046359496249415074
Somebody To Love,63,19.99544481331006,0.0004601557719065607
No One,72,19.95872284892263,0.000459350939047868
"I'm the One (feat. Justin Bieber, Quavo, Chance the Rapper & Lil Wayne)",72,19.95872284892263,0.000459350939047868
Sensualidad,72,19.95872284892263,0.000459350939047868
Water Under the Bridge,72,19.95872284892263,0.000459350939047868
Big Girls Don't Cry (Personal),72,19.95872284892263,0.000459350939047868
I Will Wait,72,19.95872284892263,0.000459350939047868
If I Were a Boy,72,19.95872284892263,0.000459350939047868
Rewrite The Stars,35,19.876118405958117,0.00045754050294835987
Jump,62,19.772740552204525,0.0004552747773819327
Jealous,71,19.76427300093869,0.0004550891946222657
Walk It Talk It,71,19.76427300093869,0.0004550891946222657
Pursuit Of Happiness (Nightmare),71,19.76427300093869,0.0004550891946222657
Secreto,70,19.568999764242132,0.00045080940404084244
Lost Boy,70,19.568999764242132,0.00045080940404084244
Hey Jude,70,19.568999764242132,0.00045080940404084244
I Won't Give Up,70,19.568999764242132,0.00045080940404084244
Let It Go,70,19.568999764242132,0.00045080940404084244
It Was A Good Day,70,19.568999764242132,0.00045080940404084244
The Lazy Song,39,19.49110602806195,0.0004491022121895912
Superstition,69,19.372887813476257,0.00044651123141877143
Toosie Slide,69,19.372887813476257,0.00044651123141877143
Du hast,68,19.175921311276532,0.00044219432964958424
Soltera (Remix),68,19.175921311276532,0.00044219432964958424
Little Lion Man,68,19.175921311276532,0.00044219432964958424
The Search,68,19.175921311276532,0.00044219432964958424
Just the Two of Us,68,19.175921311276532,0.00044219432964958424
The A Team,67,18.978083883364974,0.00043785833985931605
Perfect Duet (Ed Sheeran & Beyoncé),67,18.978083883364974,0.00043785833985931605
Dreams,67,18.978083883364974,0.00043785833985931605
Ain't No Rest for the Wicked,37,18.785919885147212,0.0004336466942514798
Freaks,37,18.785919885147212,0.0004336466942514798
Bailando - Spanish Version,66,18.779358592042293,0.00043350289082553454
Thrift Shop (feat. Wanz),66,18.779358592042293,0.00043350289082553454
Never Gonna Give You Up (2022 Remaster),32,18.667619023324853,0.0004310539021066538
Échame La Culpa,32,18.667619023324853,0.0004310539021066538
Fiel,65,18.57972790794881,0.00042912759835842586
m.A.A.d city,65,18.57972790794881,0.00042912759835842586
"Bitch, Don’t Kill My Vibe",65,18.57972790794881,0.00042912759835842586
telepatía,36,18.42905259971297,0.0004258252576180874
Don't Cry,56,18.412989438929436,0.00042547320238823486
Truth Hurts,31,18.25732430052381,0.0004220614998709072
Ella y Yo (feat. Don Omar),63,18.17767710300914,0.00042031587752384834
drivers license,63,18.17767710300914,0.00042031587752384834
Don't Look Back in Anger,63,18.17767710300914,0.00042031587752384834
The Less I Know The Better,35,18.069198550871015,0.0004179383602891203
Karma Chameleon,62,17.975218683822295,0.0004158786097741865
Salió El Sol,54,17.950159710207775,0.00041532939391096904
Let You Down,30,17.843038908964743,0.0004129816344125855
I See Fire,61,17.77177820411656,0.00041141981826924603
Wonderwall,61,17.77177820411656,0.00041141981826924603
Escape (The Pina Colada Song),53,17.716820858516538,0.00041021532176958235
It's Beginning to Look a Lot Like Christmas,34,17.706246294839872,0.00040998355975860903
"10,000 Hours",34,17.706246294839872,0.00040998355975860903
La flaca,60,17.567334681314133,0.0004069390431352604
Uptown Funk,52,17.48215738508867,0.0004050722179814206
1979,59,17.361866326385883,0.0004024358068235228
Californication,59,17.361866326385883,0.0004024358068235228
The Boys Of Summer,50,17.008722209104544,0.0003946959706196793
Hymn for the Weekend,50,17.008722209104544,0.0003946959706196793
Lovefool,28,17.00178681053769,0.00039454396794912924
Pareja Del Año,28,17.00178681053769,0.00039454396794912924
Photograph,57,16.94776365704033,0.00039335994607583955
Juicy,57,16.94776365704033,0.00039335994607583955
Rockabye,49,16.769879468517402,0.00038946127011028686
Walk Of Life,56,16.73908130811767,0.0003887862688708248
Swalla,30,16.22094446269522,0.0003774302979838708
Latch,53,16.106200780469578,0.00037491546830841345
Versace on the Floor,52,15.892870350080608,0.0003702399194100846
In the Air Tonight,52,15.892870350080608,0.0003702399194100846
See You Again,29,15.840535444014352,0.0003690928987438061
Kryptonite,45,15.799430935496083,0.0003681920139559748
Brown Eyed Girl,25,15.705144994405996,0.0003661255552365701
Black Beatles,51,15.678305522365587,0.0003655373163074053
Mr. Jones,50,15.462474735549584,0.00036080696726304703
Sucker for Pain,50,15.462474735549584,0.00036080696726304703
What A Time,28,15.456169827761537,0.0003606687830170924
The Box,27,15.067662849457708,0.0003521539013328925
Wasted,42,15.054529548672258,0.00035186605965035865
Infinity,48,15.026881656708994,0.00035126010263534564
Love Yourself,47,14.807048556237302,0.0003464420351479621
Big Poppa,47,14.807048556237302,0.0003464420351479621
Master Of Puppets - Remastered,47,14.807048556237302,0.0003464420351479621
Body Like A Back Road,26,14.674813907637606,0.00034354385712219286
Better Together,26,14.674813907637606,0.00034354385712219286
Fade Into You,46,14.58580765539925,0.00034159311299329084
Bad Things (with Camila Cabello),46,14.58580765539925,0.00034159311299329084
I Wanna Dance with Somebody (Who Loves Me),40,14.549051430090506,0.00034078752924025725
Lucid Dreams,45,14.363119032269166,0.0003367124612051339
Fix You,43,13.91322853856461,0.0003268522410838243
Scream & Shout,43,13.91322853856461,0.0003268522410838243
Bitter Sweet Symphony,43,13.91322853856461,0.0003268522410838243
Want to Want Me,21,13.900724962037861,0.0003265782010261157
WAP,21,13.900724962037861,0.0003265782010261157
Wrecking Ball,24,13.87519605123936,0.00032601868558079534
The Kill (Bury Me),24,13.87519605123936,0.00032601868558079534
bad guy,24,13.87519605123936,0.00032601868558079534
pick up the phone,42,13.685935953338415,0.0003218706845636647
I'm a Mess,23,13.467926706801224,0.0003170925903620361
Family Affair,41,13.45701385982374,0.0003168534142183881
Ahora Dice,41,13.45701385982374,0.0003168534142183881
Murder on My Mind,35,13.250745603972078,0.00031233264653114813
Traicionera,22,13.055308405927317,0.00030804926241972746
Duality,38,12.759936632617045,0.00030157561884820223
"I miss you, I’m sorry",21,12.637022692761692,0.0002988817221779892
Billionaire (feat. Bruno Mars),21,12.637022692761692,0.0002988817221779892
Dani California,32,12.445079348883237,0.00029467491263667747
Bonita,33,11.560051208396862,0.000275277809561902
Believe,31,11.065045030620489,0.00026442879198410805
Where Is The Love?,31,11.065045030620489,0.00026442879198410805
After Party,15,10.983678834933956,0.00026264549446809157
What Lovers Do,15,10.983678834933956,0.00026264549446809157
The Sweet Escape,28,10.304113218507691,0.0002477514999103032
UN PESO,24,10.175143770908864,0.0002449248850783765
"i hate u, i love u",27,10.045108566305139,0.00024207491212083662
ily (i love you baby),11,8.840133504648787,0.0002156655535883075
QUE PRETENDES,12,8.54118505127439,0.00020911352015696243
Supermarket Flowers,12,8.54118505127439,0.00020911352015696243
Adan y Eva,5,3.0851693136000478,8.953438498606692e-05
Magic,4,2.6390158215457884,7.97560684821515e-05
"Young, Wild & Free (feta. Bruno Mars)",1,1.5,5.479233424181195e-05
love nwantiti (ah ah ah),1,1.5,5.479233424181195e-05
